Rank,Name,Rating,Country,Elo Classical,Elo Rapid,Elo Blitz,Year,Games
1,"Carlsen, Magnus",GM,NOR,2853,2839,2852,1990,5639
2,"Kasparov, Garry",GM,RUS,2812,2783,2712,1963,3380
3,"Nepomniachtchi, Ian",GM,RUS,2795,2761,2781,1990,3826
4,"Ding, Liren",GM,CHN,2788,2829,2787,1992,2282
5,"Firouzja, Alireza",GM,FRA,2785,2745,2904,2003,2584
6,"Nakamura, Hikaru",GM,USA,2775,2748,2885,1987,7401
7,"Giri, Anish",GM,NED,2768,2714,2807,1994,3633
8,"Caruana, Fabiano",GM,USA,2764,2752,2837,1992,4627
9,"So, Wesley",GM,USA,2760,2788,2749,1993,4022
10,"Anand, Viswanathan",GM,IND,2754,2731,2733,1969,4677
11,"Kramnik, Vladimir",GM,RUS,2753,2756,2712,1975,4124
12,"Karjakin, Sergey",GM,RUS,2747,2739,2647,1990,3920
13,"Radjabov, Teimour",GM,AZE,2747,2694,2707,1987,2568
14,"Aronian, Levon",GM,USA,2745,2721,2815,1982,5074
15,"Grischuk, Alexander",GM,RUS,2745,2718,2727,1983,5145
16,"Rapport, Richard",GM,ROU,2745,2767,2701,1996,2045
17,"Vachier-Lagrave, Maxime",GM,FRA,2741,2762,2740,1990,4774
18,"Dominguez Perez, Leinier",GM,USA,2739,2706,2654,1983,2903
19,"Mamedyarov, Shakhriyar",GM,AZE,2738,2694,2704,1985,4854
20,"Abdusattorov, Nodirbek",GM,UZB,2731,2703,2672,2004,2534
21,"Vidit, Santosh Gujrathi",GM,IND,2731,2665,2651,1994,2651
22,Gukesh D,GM,IND,2730,2629,2612,2006,1731
23,"Maghsoodloo, Parham",GM,IRI,2730,2672,2647,2000,2849
24,"Andreikin, Dmitry",GM,FID,2729,2628,2736,1990,4917
25,"Yu, Yangyi",GM,CHN,2729,2734,2783,1994,2334
26,"Le, Quang Liem",GM,VIE,2728,2661,2643,1991,3069
27,"Topalov, Veselin",GM,BUL,2728,2630,2657,1975,2968
28,"Duda, Jan-Krzysztof",GM,POL,2724,2782,2790,1998,2876
29,"Vitiugov, Nikita",GM,FID,2724,2622,2673,1987,2246
30,"Wang, Hao",GM,CHN,2722,2716,2624,1989,2267
31,"Wei, Yi",GM,CHN,2722,2716,2686,1999,1749
32,"Sjugirov, Sanan",GM,RUS,2712,2543,2569,1993,4103
33,"Vallejo Pons, Francisco",GM,ESP,2712,2662,2589,1982,3103
34,"Shankland, Sam",GM,USA,2711,2597,2657,1991,1817
35,"Dubov, Daniil",GM,RUS,2708,2727,2802,1996,3541
36,"Niemann, Hans Moke",GM,USA,2706,2577,2618,2003,1805
37,"Eljanov, Pavel",GM,UKR,2705,2653,2598,1983,2984
38,"Harikrishna, Pentala",GM,IND,2704,2627,2634,1986,2922
39,"Robson, Ray",GM,USA,2704,2596,2660,1994,1478
40,"Artemiev, Vladislav",GM,RUS,2701,2735,2800,1998,2911
41,Erigaisi Arjun,GM,IND,2701,2685,2737,2003,2278
42,"Deac, Bogdan-Daniel",GM,ROU,2700,2618,2649,2001,2995
43,"Keymer, Vincent",GM,GER,2700,2630,2651,2004,2126
44,"Bu, Xiangzhi",GM,CHN,2694,2618,2760,1985,2039
45,"Sadler, Matthew D",GM,ENG,2694,2673,2646,1974,1086
46,"Tomashevsky, Evgeny",GM,RUS,2694,2626,2663,1987,2120
47,"Sargissian, Gabriel",GM,ARM,2692,2628,2579,1983,2280
48,"Xiong, Jeffery",GM,USA,2692,2727,2726,2000,3441
49,"Amin, Bassem",GM,EGY,2691,2600,2690,1988,2129
50,"Anton Guijarro, David",GM,ESP,2690,2635,2618,1995,2612
51,Praggnanandhaa R,GM,IND,2688,2587,2623,2005,2118
52,"Adams, Michael",GM,ENG,2687,2647,2711,1971,3949
53,"Alekseenko, Kirill",GM,FID,2686,2632,2683,1997,2258
54,"Predke, Alexandr",GM,SRB,2685,2582,2594,1994,1846
55,"Rausis, Igors",IM,FID,2685,2585,2585,1961,2362
56,"Sarana, Alexey",GM,SRB,2685,2643,2714,2000,4749
57,"Sevian, Samuel",GM,USA,2684,2581,2695,2000,2154
58,"Shevchenko, Kirill",GM,ROU,2684,2598,2562,2002,1836
59,"Svidler, Peter",GM,FID,2683,2752,2685,1976,4506
60,"Jakovenko, Dmitry",GM,RUS,2682,2684,2624,1983,2208
61,"Van Foreest, Jorden",GM,NED,2680,2661,2633,1999,2757
62,"Esipenko, Andrey",GM,FID,2679,2682,2615,2002,2295
63,"Gelfand, Boris",GM,ISR,2678,2626,2601,1968,4307
64,"Almasi, Zoltan",GM,HUN,2677,2599,2585,1976,2337
65,"Howell, David W L",GM,ENG,2677,2604,2567,1990,2966
66,"Salem, A.R. Saleh",GM,UAE,2677,2662,2639,1993,2213
67,"Tabatabaei, M. Amin",GM,IRI,2677,2558,2575,2001,1202
68,"Naiditsch, Arkadij",GM,AZE,2676,2566,2567,1985,3075
69,"Navara, David",GM,CZE,2676,2677,2675,1985,3763
70,"Martirosyan, Haik M.",GM,ARM,2675,2587,2770,2000,1824
71,"Polgar, Judit",GM,HUN,2675,2646,2736,1976,2251
72,"Fedoseev, Vladimir",GM,FID,2674,2752,2752,1995,4285
73,"Gyimesi, Zoltan",GM,HUN,2674,0,0,1977,1980
74,"Kovalenko, Igor",GM,UKR,2674,2608,2574,1988,2709
75,Nihal Sarin,GM,IND,2673,2672,2689,2004,2236
76,"Ni, Hua",GM,CHN,2669,2626,2579,1983,1718
77,"Wang, Yue",GM,CHN,2669,2710,2666,1987,1698
78,"Wojtaszek, Radoslaw",GM,POL,2669,2634,2605,1987,2935
79,"Kasimdzhanov, Rustam",GM,UZB,2667,2648,2586,1979,1958
80,"Moussard, Jules",GM,FRA,2667,2614,2610,1995,1891
81,"Oparin, Grigoriy",GM,USA,2667,2650,2647,1997,3611
82,"Li, Chao b",GM,CHN,2666,2631,2693,1989,1499
83,"Kamsky, Gata",GM,USA,2665,2630,2660,1974,5795
84,"Volokitin, Andrei",GM,UKR,2665,2637,2545,1986,2017
85,"Donchenko, Alexander",GM,GER,2664,2590,2542,1998,3185
86,"Korobov, Anton",GM,UKR,2664,2634,2638,1985,3327
87,"Saric, Ivan",GM,CRO,2664,2635,2576,1990,2591
88,"Bacrot, Etienne",GM,FRA,2663,2691,2663,1983,4278
89,"Leko, Peter",GM,HUN,2663,2710,2738,1979,2946
90,"Matlakov, Maxim",GM,RUS,2662,2633,2666,1991,3156
91,"Guseinov, Gadir",GM,AZE,2661,2632,2573,1986,2575
92,"Inarkiev, Ernesto",GM,FID,2661,2684,2562,1985,2329
93,Narayanan.S.L,GM,IND,2661,2586,2547,1998,2046
94,"Sindarov, Javokhir",GM,UZB,2661,2605,2591,2005,999
95,"Bluebaum, Matthias",GM,GER,2660,2601,2638,1997,3870
96,"Cheparinov, Ivan",GM,BUL,2660,2648,2613,1986,2941
97,"Grandelius, Nils",GM,SWE,2660,2649,2573,1993,3018
98,"Tkachiev, Vladislav",GM,FRA,2660,2673,2587,1973,1767
99,"Morozevich, Alexander",GM,RUS,2659,2651,2611,1977,3118
100,"Ponomariov, Ruslan",GM,UKR,2659,2669,2605,1983,2584
101,"Lautier, Joel",GM,FRA,2658,0,0,1973,2091
102,"Van Kampen, Robin",GM,NED,2658,2653,2558,1994,986
103,"Ivanchuk, Vasyl",GM,UKR,2656,2674,2710,1969,5153
104,"Kryvoruchko, Yuriy",GM,UKR,2656,2697,2595,1986,1660
105,"Santos Latasa, Jaime",GM,ESP,2656,2632,2604,1996,1551
106,"Najer, Evgeniy",GM,FID,2655,2579,2545,1977,2704
107,"Shirov, Alexei",GM,ESP,2654,2584,2663,1972,5320
108,"Liang, Awonder",GM,USA,2651,2508,2508,2003,1179
109,"Cori, Jorge",GM,PER,2650,2604,2559,1995,1519
110,"Malakhov, Vladimir",GM,FID,2650,2666,2652,1980,2220
111,"L'Ami, Erwin",GM,NED,2649,2647,2676,1985,2183
112,"Nguyen, Thai Dai Van",GM,CZE,2649,2544,2574,2001,1615
113,"Van Wely, Loek",GM,NED,2649,2532,2555,1972,4750
114,"Ma, Qun",GM,CHN,2648,2583,2602,1991,580
115,"Mamedov, Rauf",GM,AZE,2646,2632,2635,1988,3243
116,"Melkumyan, Hrant",GM,ARM,2645,2686,2604,1989,2438
117,"Nabaty, Tamir",GM,ISR,2645,2658,2627,1991,1257
118,"Nguyen, Ngoc Truong Son",GM,VIE,2645,2575,2556,1990,2373
119,"Gledura, Benjamin",GM,HUN,2644,2636,2537,1999,1435
120,"Ipatov, Alexander",GM,TUR,2644,2584,2544,1993,1366
121,"Nyzhnyk, Illya",GM,UKR,2644,2658,2643,1996,1640
122,"Salov, Valery",GM,RUS,2644,0,0,1964,1040
123,"Onischuk, Alexander",GM,USA,2640,2683,2650,1975,1733
124,"Tari, Aryan",GM,NOR,2640,2539,2561,1999,2817
125,"Sethuraman, S.P.",GM,IND,2639,2533,2543,1993,2275
126,"Pichot, Alan",GM,ARG,2638,2549,2573,1998,3160
127,"Azmaiparashvili, Zurab",GM,GEO,2637,2619,2608,1960,1728
128,"Iturrizaga Bonelli, Eduardo",GM,ESP,2637,2654,2637,1989,2409
129,"Rublevsky, Sergei",GM,RUS,2637,2603,2587,1974,2106
130,"Swiercz, Dariusz",GM,USA,2637,2657,2620,1994,2345
131,"Hammer, Jon Ludvig",GM,NOR,2636,2647,2600,1990,1838
132,"Abasov, Nijat",GM,AZE,2634,2550,2551,1995,1444
133,"Ragger, Markus",GM,AUT,2634,2630,2532,1988,2339
134,"Afromeev, Vladimir",FM,RUS,2633,0,2623,1954,311
135,"Idani, Pouya",GM,IRI,2633,2516,2574,1995,1203
136,"Rakhmanov, Aleksandr",GM,FID,2632,2617,2530,1989,1954
137,"Yilmaz, Mustafa",GM,TUR,2632,2542,2523,1992,1758
138,"Bareev, Evgeny",GM,CAN,2631,2659,2678,1966,2339
139,"Kovalyov, Anton",GM,CAN,2631,2585,2583,1992,1101
140,"Fressinet, Laurent",GM,FRA,2630,2689,2633,1981,3240
141,"Sargsyan, Shant",GM,ARM,2630,2579,2628,2002,1234
142,"Yakubboev, Nodirbek",GM,UZB,2630,2574,2575,2002,1180
143,"Lenic, Luka",GM,SLO,2629,2659,2644,1988,1681
144,"Petrosyan, Manuel",GM,ARM,2629,2561,2576,1998,1534
145,"Sadvakasov, Darmen",GM,KAZ,2629,2601,2584,1979,659
146,"Granda Zuniga, Julio E",GM,PER,2628,2609,2624,1967,2354
147,"Henriquez Villagra, Cristobal",GM,CHI,2628,2574,2542,1996,1062
148,"Hou, Yifan",GM,CHN,2628,2618,2601,1994,2328
149,"Papaioannou, Ioannis",GM,GRE,2628,2614,2666,1976,882
150,"Areshchenko, Alexander",GM,UKR,2627,2588,2627,1986,1670
151,"Durarbayli, Vasif",GM,AZE,2627,2531,2551,1992,2297
152,"Karthikeyan, Murali",GM,IND,2627,2523,2523,1999,1373
153,"Popov, Ivan",GM,RUS,2627,2577,2554,1990,1682
154,"Sadhwani, Raunak",GM,IND,2627,2550,2631,2005,3181
155,"Grigoryan, Karen H.",GM,ARM,2626,2667,2701,1995,1630
156,"McShane, Luke J",GM,ENG,2626,2702,2591,1984,1944
157,"Riazantsev, Alexander",GM,RUS,2626,2509,2621,1985,2680
158,"Dardha, Daniel",GM,BEL,2625,2514,2581,2005,1604
159,"Kuzubov, Yuriy",GM,UKR,2624,2636,2496,1990,2774
160,"Mareco, Sandro",GM,ARG,2624,2541,2550,1987,2221
161,"Negi, Parimarjan",GM,IND,2624,2613,2613,1993,1175
162,"Piket, Jeroen",GM,NED,2624,0,0,1969,2086
163,"Demchenko, Anton",GM,FID,2623,2538,2545,1987,3155
164,"Zherebukh, Yaroslav",GM,USA,2623,2620,2531,1993,1176
165,"Berkes, Ferenc",GM,HUN,2621,2617,2664,1985,2191
166,"Svane, Rasmus",GM,GER,2621,2621,2597,1997,3984
167,"Gupta, Abhijeet",GM,IND,2620,2543,2528,1989,2307
168,"Gustafsson, Jan",GM,GER,2620,2641,2539,1979,1807
169,"Seirawan, Yasser",GM,USA,2620,2647,2523,1960,1931
170,"Shtembuliak, Evgeny",GM,UKR,2620,2520,2520,1999,652
171,"Bernadskiy, Vitaliy",GM,UKR,2619,2538,2488,1994,2538
172,"Onyshchuk, Volodymyr",GM,UKR,2619,2661,2643,1991,91
173,"Indjic, Aleksandar",GM,SRB,2618,2543,2614,1995,3688
174,"Jones, Gawain C B",GM,ENG,2618,2630,2645,1987,3644
175,"Naroditsky, Daniel",GM,USA,2618,2640,2633,1995,2020
176,"Nielsen, Peter Heine",GM,DEN,2618,2669,2546,1973,2241
177,"Vocaturo, Daniele",GM,ITA,2618,2584,2565,1989,1556
178,"Chigaev, Maksim",GM,FID,2617,2568,2547,1996,3930
179,"Karpov, Anatoly",GM,RUS,2617,2583,2627,1951,4691
180,"Drozdovskij, Yuri",GM,UKR,2616,0,2660,1984,1208
181,"Andersen, Mads",GM,DEN,2615,2522,2504,1995,1356
182,"Balog, Imre",GM,HUN,2615,2618,2570,1991,866
183,"Banusz, Tamas",GM,HUN,2615,2554,2602,1989,1983
184,"Khairullin, Ildar",GM,RUS,2615,2671,2657,1990,1372
185,"Neiksans, Arturs",GM,LAT,2615,2551,2497,1983,1622
186,"Chernin, Alexander",GM,HUN,2614,0,0,1960,1843
187,"Meier, Georg",GM,URU,2614,2624,2513,1987,2475
188,"Kononenko, Dmitry",GM,UKR,2613,2546,2706,1988,1339
189,"Ter-Sahakyan, Samvel",GM,ARM,2613,2550,2566,1993,2695
190,"Akopian, Vladimir",GM,USA,2612,2643,2641,1971,2275
191,"Kovalev, Vladislav",GM,FID,2612,2532,2555,1994,2823
192,"Movsesian, Sergei",GM,ARM,2612,2616,2570,1978,3554
193,"Bruzon Batista, Lazaro",GM,USA,2611,2608,2709,1982,2425
194,"Galkin, Alexander",GM,RUS,2611,2511,2511,1979,1216
195,"Pechac, Jergus",GM,SVK,2610,2533,2533,2001,1201
196,"Hansen, Eric",GM,CAN,2609,2582,2561,1992,2828
197,"Hodgson, Julian M",GM,ENG,2609,0,0,1963,1919
198,"Jumabayev, Rinat",GM,KAZ,2609,2515,2561,1989,2669
199,"Alterman, Boris",GM,ISR,2608,2601,0,1970,826
200,"Hakobyan, Aram",GM,ARM,2608,2513,2584,2001,1692
201,Harsha Bharathakoti,GM,IND,2608,2532,2504,2000,1399
202,"Khalifman, Alexander",GM,RUS,2608,2522,0,1966,2672
203,"Supi, Luis Paulo",GM,BRA,2608,2520,2512,1996,876
204,"Aravindh, Chithambaram VR.",GM,IND,2607,2553,2596,1999,1821
205,Aryan Chopra,GM,IND,2607,0,0,2001,554
206,"Bok, Benjamin",GM,NED,2607,2608,2657,1995,2764
207,"Fedorchuk, Sergey A.",GM,UKR,2607,2523,2527,1981,2909
208,"Kollars, Dmitrij",GM,GER,2607,2522,2584,1999,2354
209,"Martinez Alcantara, Jose Eduardo",GM,PER,2607,2643,2711,1999,3610
210,"Pilavov, Georgy",GM,UKR,2607,2507,2507,1974,247
211,"Vakhidov, Jakhongir",GM,UZB,2607,2524,2568,1995,1172
212,"Yoo, Christopher Woojin",GM,USA,2607,2497,2519,2006,2201
213,"Bjerre, Jonas Buhl",GM,DEN,2606,2535,2525,2004,1225
214,"Brkic, Ante",GM,CRO,2606,2597,2602,1988,2230
215,"Dreev, Aleksey",GM,RUS,2606,2557,2609,1969,4616
216,"Lysyj, Igor",GM,FID,2606,2554,2555,1987,2110
217,"Rodshtein, Maxim",GM,ISR,2606,2615,2555,1989,1756
218,"Vescovi, Giovanni",GM,BRA,2606,2609,2593,1978,2244
219,"Bartel, Mateusz",GM,POL,2605,2528,2521,1985,3388
220,"Bortnyk, Olexandr",GM,UKR,2605,2643,2734,1996,3945
221,"Stellwagen, Daniel",GM,NED,2605,0,0,1987,923
222,"Warmerdam, Max",GM,NED,2605,2518,2518,2000,1260
223,"Bachmann, Axel",GM,PAR,2604,2618,2605,1989,2698
224,"Illescas Cordoba, Miguel",GM,ESP,2604,2612,2570,1965,1924
225,"Motylev, Alexander",GM,FID,2604,2652,2532,1979,2604
226,"Sasikiran, Krishnan",GM,IND,2604,2559,2567,1981,2824
227,"Zhou, Weiqi",GM,CHN,2604,2607,2590,1986,840
228,"Baramidze, David",GM,GER,2603,0,0,1988,1421
229,"Laznicka, Viktor",GM,CZE,2603,2639,2529,1988,2075
230,"Mastrovasilis, Dimitrios",GM,GRE,2603,2560,2552,1983,1892
231,"Gareyev, Timur",GM,USA,2602,2587,2563,1988,1594
232,"Izoria, Zviad",GM,USA,2602,2579,2626,1984,1295
233,"Ye, Jiangchuan",GM,CHN,2602,0,0,1960,814
234,"Yuffa, Daniil",GM,ESP,2602,2526,2577,1997,1647
235,"Gharamian, Tigran",GM,FRA,2601,2598,2632,1984,1254
236,"Kadric, Denis",GM,MNE,2601,2475,2612,1995,1498
237,"Paravyan, David",GM,FID,2601,2598,2563,1998,3975
238,"Piorun, Kacper",GM,POL,2601,2491,2583,1991,2306
239,"Quesada Perez, Yasser",GM,CUB,2601,2498,2496,1992,796
240,"Safarli, Eltaj",GM,AZE,2601,2651,2653,1992,2454
241,"Socko, Bartosz",GM,POL,2601,2521,2518,1978,3421
242,"Sutovsky, Emil",GM,ISR,2601,2593,2515,1977,2135
243,"Vladimirov, Yevgeniy",GM,KAZ,2601,2547,2512,1957,974
244,"Vokhidov, Shamsiddin",GM,UZB,2601,2535,2570,2002,2367
245,"Zilka, Stepan",GM,CZE,2601,2468,2494,1988,1149
246,"Kokarev, Dmitry",GM,RUS,2600,2548,2590,1982,1927
247,"Svane, Frederik",GM,GER,2600,2455,2502,2004,1940
248,"Tomczak, Jacek",GM,POL,2600,2560,2562,1990,1592
249,"Banikas, Hristos",GM,GRE,2599,2606,2601,1978,1851
250,"Fier, Alexandr",GM,BRA,2599,2504,2610,1988,4329
251,"Huschenbeth, Niclas",GM,GER,2599,2566,2605,1992,1285
252,"Puranik, Abhimanyu",GM,IND,2599,2544,2477,2000,1433
253,"Smirin, Ilia",GM,ISR,2599,2568,2511,1968,3110
254,"Amonatov, Farrukh",GM,TJK,2598,2591,2564,1978,1482
255,"Belov, Vladimir",GM,FID,2598,2510,2498,1984,1198
256,"Braun, Arik",GM,GER,2598,2611,2535,1988,1197
257,"Kravtsiv, Martyn",GM,UKR,2598,2675,2695,1990,2545
258,"Markus, Robert",GM,SRB,2598,2621,2623,1983,1994
259,"Milov, Vadim",GM,SUI,2598,2632,2519,1972,1780
260,"Najdoski, Toni",GM,MKD,2598,0,0,1970,58
261,"Nisipeanu, Liviu-Dieter",GM,ROU,2598,2629,2625,1976,2549
262,"Zubov, Alexander",GM,UKR,2598,2688,2686,1983,1822
263,"Zvjaginsev, Vadim",GM,RUS,2598,2496,2585,1976,2612
264,"Lu, Shanglei",GM,CHN,2597,2644,2646,1995,1349
265,"Pantsulaia, Levan",GM,GEO,2597,2533,2579,1986,2177
266,"Short, Nigel D",GM,ENG,2597,2537,2603,1965,3812
267,"Vovk, Andriy",GM,UKR,2597,2538,2535,1991,950
268,"Adly, Ahmed",GM,EGY,2596,2569,2578,1987,1790
269,"Hansen, Curt",GM,DEN,2596,2596,0,1964,1786
270,"Hovhannisyan, Robert",GM,ARM,2596,2589,2570,1991,1409
271,"Mendonca, Leon Luke",GM,IND,2596,2458,2464,2006,1342
272,"Tarlev, Konstantin",GM,UKR,2596,2576,2524,1987,763
273,"Grachev, Boris",GM,RUS,2595,2591,2538,1986,3012
274,"Ivic, Velimir",GM,SRB,2595,2504,2563,2002,1777
275,"Vaibhav, Suri",GM,IND,2595,2543,2510,1997,1013
276,"Bauer, Christian",GM,FRA,2594,2547,2700,1977,3072
277,"Can, Emre",GM,TUR,2594,2541,2502,1990,1522
278,"Gajewski, Grzegorz",GM,POL,2594,2494,2547,1985,2014
279,"Khismatullin, Denis",GM,RUS,2594,2524,2531,1984,2122
280,"Pashikian, Arman",GM,ARM,2594,2585,2535,1987,998
281,"Filippov, Anton",GM,UZB,2592,2494,2514,1986,737
282,"Hellers, Ferdinand",GM,SWE,2592,2496,2492,1969,855
283,"Iskandarov, Misratdin",GM,AZE,2592,2487,2501,1995,802
284,"Leitao, Rafael",GM,BRA,2592,2628,2609,1979,2646
285,"Oleksiyenko, Mykhaylo",GM,UKR,2592,2507,2551,1986,1314
286,"Peralta, Fernando",GM,ARG,2592,2585,2569,1979,2272
287,"Chadaev, Nikolai",GM,RUS,2591,2629,2733,1988,572
288,"Hess, Robert",GM,USA,2591,2621,2557,1991,1048
289,"Livaic, Leon",GM,CRO,2591,2474,2509,2000,1953
290,"Peng, Xiaomin",GM,CHN,2591,0,0,1973,374
291,"Salgado Lopez, Ivan",GM,ESP,2591,2554,2571,1991,1942
292,"Theodorou, Nikolas",GM,GRE,2591,2543,2525,2000,1017
293,"Zhao, Jun",GM,CHN,2591,2600,2547,1986,1163
294,"Bacallao Alonso, Yusnel",GM,CUB,2590,2490,2561,1988,678
295,"Bluvshtein, Mark",GM,CAN,2590,0,0,1988,677
296,"Quesada Perez, Yuniesky",GM,USA,2590,2616,2585,1984,1445
297,"Santos Ruiz, Miguel",GM,ESP,2590,2491,2504,1999,1530
298,"Sokolov, Ivan",GM,NED,2590,2615,2587,1968,3480
299,"Adhiban, B.",GM,IND,2589,2522,2587,1992,2211
300,"Mamedov, Nidjat",GM,AZE,2589,2624,2645,1985,1052
301,"Miroshnichenko, Evgenij",GM,UKR,2589,2573,2539,1978,1348
302,"Moranda, Wojciech",GM,POL,2589,2576,2603,1988,1224
303,"Sakaev, Konstantin",GM,RUS,2589,2510,2632,1974,2058
304,"Zhang, Zhong",GM,CHN,2589,2504,2535,1978,1154
305,"Antipov, Mikhail Al.",GM,FID,2588,2593,2513,1997,1911
306,"Doettling, Fabian",GM,GER,2588,0,0,1980,756
307,"Wagner, Dennis",GM,GER,2588,2456,2470,1997,2461
308,"Ganguly, Surya Shekhar",GM,IND,2587,2645,2549,1983,2527
309,"Xu, Xiangyu",GM,CHN,2587,2574,2477,1999,977
310,"Albornoz Cabrera, Carlos Daniel",GM,CUB,2586,2593,2516,2000,685
311,"Gurevich, Ilya",GM,USA,2586,0,0,1972,467
312,"Kruppa, Yuri",GM,UKR,2586,0,0,1964,1115
313,"Reinderman, Dimitri",GM,NED,2586,0,2552,1972,1649
314,"Smirnov, Anton",GM,AUS,2586,2486,2647,2001,1062
315,"Solak, Dragan",GM,TUR,2586,0,2510,1980,1862
316,"Gozzoli, Yannick",GM,FRA,2585,2618,2611,1983,1279
317,"Meshkovs, Nikita",GM,LAT,2585,2531,2537,1994,1781
318,"Zeng, Chongsheng",GM,CHN,2585,2518,2504,1993,652
319,"Agdestein, Simen",GM,NOR,2584,2474,2482,1967,1596
320,"Asadli, Vugar",GM,AZE,2584,2528,2598,2001,903
321,"Bindrich, Falko",GM,GER,2584,2548,2566,1990,1326
322,"Dragnev, Valentin",GM,AUT,2584,2450,2504,1999,1354
323,"Fridman, Daniel",GM,GER,2584,2607,2525,1976,3678
324,"Iordachescu, Viorel",GM,MDA,2584,2531,2552,1977,2378
325,"Kobalia, Mikhail",GM,FID,2584,2511,2635,1978,3327
326,"Prohaszka, Peter",GM,HUN,2584,2528,2626,1992,1592
327,"Burke, John M",GM,USA,2583,0,2574,2001,438
328,"Demidov, Mikhail",GM,FID,2583,2491,2500,1992,1998
329,"Erdos, Viktor",GM,HUN,2583,2524,2555,1987,2075
330,"Van den Doel, Erik",GM,NED,2583,2531,2495,1979,1953
331,"Yin, Hao",IM,CHN,2583,0,0,1979,91
332,"Akobian, Varuzhan",GM,USA,2582,2634,2569,1983,1683
333,"Azarov, Sergei",GM,FID,2582,2556,2475,1983,2229
334,"Dautov, Rustem",GM,GER,2582,0,2581,1965,1449
335,"Kacheishvili, Giorgi",GM,GEO,2582,2516,2582,1977,1068
336,"Lupulescu, Constantin",GM,ROU,2582,2584,2576,1984,2208
337,"Sanal, Vahap",GM,TUR,2582,2548,2606,1998,3077
338,"Studer, Noel",GM,SUI,2582,2482,2482,1996,1124
339,"Shimanov, Aleksandr",GM,RUS,2581,2610,2631,1992,3180
340,"Wen, Yang",GM,CHN,2581,2531,2596,1988,1036
341,"Gumularz, Szymon",GM,POL,2580,2532,2432,2001,1287
342,"Ponkratov, Pavel",GM,RUS,2580,2586,2572,1988,3364
343,"Andriasian, Zaven",GM,ARM,2579,2616,2627,1989,2003
344,"Christiansen, Johan-Sebastian",GM,NOR,2579,2481,2531,1998,1729
345,"Christiansen, Larry",GM,USA,2579,2584,0,1956,2064
346,"Gabuzyan, Hovhannes",GM,ARM,2579,2486,2486,1995,1199
347,"Lagarde, Maxime",GM,FRA,2579,2627,2576,1994,2178
348,"Nunn, John D M",GM,ENG,2579,2536,2490,1955,2255
349,"Forcen Esteban, Daniel",GM,ESP,2578,2514,2527,1994,959
350,"Goloshchapov, Alexander",GM,UKR,2578,2524,2565,1978,939
351,"Jobava, Baadur",GM,GEO,2578,2660,2574,1983,4814
352,"Romanov, Evgeny",GM,NOR,2578,2493,2493,1988,2310
353,"Efimenko, Zahar",GM,UKR,2577,2607,2528,1985,2037
354,"Murzin, Volodar",GM,FID,2577,2554,2609,2006,2534
355,"Polgar, Susan",GM,HUN,2577,0,0,1969,1292
356,"Koneru, Humpy",GM,IND,2576,2469,2448,1987,1994
357,"Michalik, Peter",GM,CZE,2576,2526,2585,1990,1609
358,"Tin, Jingyao",GM,SGP,2576,2479,2494,2000,570
359,"Maletin, Pavel",GM,RUS,2575,2601,2545,1986,1236
360,"Milos, Gilberto",GM,BRA,2575,2586,2569,1963,2126
361,"Roiz, Michael",GM,ISR,2575,2539,2596,1983,1513
362,"Vazquez, Guillermo",GM,PAR,2575,2473,2543,1997,1144
363,"Bologan, Victor",GM,MDA,2574,2550,2483,1971,3459
364,"Huebner, Robert",GM,GER,2574,2575,0,1948,3059
365,"Lputian, Smbat G",GM,ARM,2574,0,0,1958,1867
366,"Potkin, Vladimir",GM,RUS,2574,2533,2474,1982,2001
367,"Xie, Jun",GM,CHN,2574,0,0,1970,744
368,"Korotylev, Alexey",GM,RUS,2573,0,2606,1977,766
369,"Moiseenko, Alexander",GM,UKR,2573,2562,2556,1980,2612
370,"Nyback, Tomi",GM,FIN,2573,2585,2527,1985,1807
371,"Perez Candelario, Manuel",GM,ESP,2573,2472,2474,1983,1537
372,"Teclaf, Pawel",IM,POL,2573,2474,2558,2003,973
373,"Dyachkov, Sergej",GM,RUS,2572,0,0,1976,372
374,"Felgaer, Ruben",GM,ARG,2572,2534,2493,1981,1563
375,"Lenderman, Aleksandr",GM,USA,2572,2646,2607,1989,2182
376,"Ramirez, Alejandro",GM,USA,2572,2579,2694,1988,800
377,"Zhigalko, Sergei",GM,BLR,2572,2590,2626,1989,4504
378,"Bai, Jinshi",GM,CHN,2571,2533,2516,1999,968
379,Gopal G.N.,GM,IND,2571,2489,2511,1989,1133
380,"Ljubojevic, Ljubomir",GM,SRB,2571,2471,2504,1950,2619
381,"Borisek, Jure",GM,SLO,2570,2548,2561,1986,1179
382,"Hawkins, Jonathan",GM,ENG,2570,2579,2500,1983,590
383,"Baryshpolets, Andrey",GM,UKR,2569,2479,2532,1991,1147
384,"Giorgadze, Giorgi",GM,GEO,2569,2550,2518,1964,1189
385,"Rambaldi, Francesco",GM,ITA,2569,2487,2509,1999,601
386,"Ali Marandi, Cemil Can",GM,TUR,2568,2553,2468,1998,1209
387,"Gurevich, Mikhail",GM,BEL,2568,2562,2610,1959,3012
388,"Kozak, Adam",GM,HUN,2568,2548,2469,2002,1782
389,"Kritz, Leonid",GM,GER,2568,0,0,1984,1030
390,"Mchedlishvili, Mikheil",GM,GEO,2568,2533,2520,1979,2463
391,"Miton, Kamil",GM,POL,2568,2544,2502,1984,1896
392,"Avrukh, Boris",GM,ISR,2567,2552,2625,1978,1370
393,"Balogh, Csaba",GM,HUN,2567,2618,2654,1987,2234
394,"Timofeev, Artyom",GM,RUS,2567,2551,2586,1985,3770
395,"Acs, Peter",GM,HUN,2566,2536,0,1981,1723
396,"Alonso Rosell, Alvar",GM,ESP,2566,2473,2575,1992,1328
397,"Georgiadis, Nico",GM,SUI,2566,2494,2477,1996,788
398,"Khanin, Semen",GM,RUS,2566,2484,2458,1999,1845
399,"Shkuro, Iuri",GM,UKR,2566,2466,2525,1982,267
400,"Wahjuwidajat, Utut Adianto",GM,INA,2566,0,0,1965,20
401,"Antal, Gergely",GM,HUN,2565,2471,2471,1985,1509
402,"Cornette, Matthieu",GM,FRA,2565,2536,2478,1985,1795
403,"Ghosh, Diptayan",GM,IND,2565,2442,2552,1998,885
404,"Goryachkina, Aleksandra",GM,FID,2565,2488,2471,1998,3076
405,"Moroni, Luca Jr",GM,ITA,2565,2500,2569,2000,2392
406,"Turov, Maxim",GM,RUS,2565,2526,2429,1979,2088
407,"Alekseev, Evgeny",GM,ISR,2564,2529,2581,1985,2781
408,"Delgado Ramirez, Neuris",GM,PAR,2563,2628,2612,1981,2363
409,"Ibarra Jerez, Jose Carlos",GM,ESP,2563,2548,2638,1985,2562
410,"Predojevic, Borki",GM,BIH,2563,2587,2607,1987,1741
411,"Feller, Sebastien",GM,FRA,2562,2622,2499,1991,1053
412,"Kuybokarov, Temur",GM,AUS,2562,2458,2458,2000,697
413,"Nesterov, Arseniy",GM,FID,2562,2529,2491,2003,1684
414,"Panarin, Mikhail",GM,RUS,2562,2490,2494,1983,881
415,"Quesada Perez, Luis Ernesto",GM,CUB,2562,2516,2492,1999,302
416,"Grigoryan, Avetik",GM,ARM,2561,2589,2533,1989,628
417,"Heberla, Bartlomiej",GM,POL,2561,2483,2459,1985,2231
418,"Heimann, Andreas",GM,GER,2561,2539,2501,1992,1346
419,"Kraemer, Martin",GM,GER,2561,2527,2482,1987,931
420,"Buhmann, Rainer",GM,GER,2560,2616,2615,1981,1819
421,"Dolmatov, Sergey",GM,RUS,2560,0,0,1959,1593
422,"Hansen, Lars Bo",GM,DEN,2560,0,0,1968,1265
423,"Lagno, Kateryna",GM,RUS,2560,2485,2508,1989,2991
424,"Suleymanli, Aydin",GM,AZE,2560,2538,2559,2005,1299
425,"Bocharov, Ivan",GM,RUS,2559,2566,2619,1990,558
426,"Erenburg, Sergey",GM,USA,2559,0,2567,1983,1097
427,"Jussupow, Artur",GM,GER,2559,2483,2500,1960,2607
428,"Kaidanov, Gregory",GM,USA,2559,0,2547,1959,1737
429,"Kempinski, Robert",GM,POL,2559,2494,2608,1977,2325
430,"Laurusas, Tomas",GM,LTU,2559,2504,2511,1996,1635
431,"Martinovic, Sasa",GM,CRO,2559,2553,2447,1991,1715
432,"Narayanan, Srinath",GM,IND,2559,2482,2438,1994,1835
433,"Shulman, Yury",GM,USA,2559,0,0,1975,1332
434,"Xu, Yinglun",GM,CHN,2558,2523,2544,1996,940
435,"Dragun, Kamil",GM,POL,2557,2553,2551,1995,1707
436,"Galperin, Platon",GM,UKR,2557,2448,2434,2003,744
437,"Grigoriants, Sergey",GM,HUN,2557,2495,2502,1983,2162
438,"Jojua, Davit",GM,GEO,2557,2527,2513,1989,731
439,"Neugebauer, Martin",IM,SVK,2557,2417,2417,1999,35
440,"Pavlidis, Antonios",GM,GRE,2557,2614,2613,1993,958
441,"Jacobson, Brandon",GM,USA,2556,2451,2459,2003,1305
442,"Mihok, Oliver",GM,HUN,2556,2445,2445,1993,1404
443,"Palo, Davor",GM,DEN,2556,0,0,1985,508
444,"Berdichevski, Igor",GM,RUS,2555,0,0,1964,54
445,"Gagunashvili, Merab",GM,GEO,2555,2496,2551,1985,1590
446,"Markos, Jan",GM,SVK,2555,2541,0,1985,1174
447,"Maslak, Konstantin",GM,RUS,2555,2478,2520,1984,718
448,"Pigusov, Evgeny",GM,RUS,2555,2455,2553,1961,1231
449,"Smeets, Jan",GM,NED,2555,0,2586,1985,1477
450,"Zhou, Jianchao",GM,CHN,2555,2570,2477,1988,1531
451,"Chuchelov, Vladimir",GM,BEL,2554,0,0,1969,1331
452,"Li, Di",GM,CHN,2554,2473,2445,1999,704
453,"Ovsejevitsch, Sergei",GM,UKR,2554,2494,2470,1977,1115
454,"Sadorra, Julio Catalino",GM,PHI,2554,2531,2538,1986,767
455,"Sonis, Francesco",GM,ITA,2554,2454,2421,2002,1477
456,"Vuckovic, Bojan",GM,SRB,2554,2570,2478,1980,1095
457,"Agrest, Evgenij",GM,SWE,2553,2576,2552,1966,1895
458,"Cuenca Jimenez, Jose Fernando",GM,ESP,2553,2455,2429,1987,1515
459,"Dastan, Muhammed Batuhan",GM,TUR,2553,0,2453,1997,432
460,"Filippov, Valerij",GM,RUS,2553,2534,2580,1975,842
461,Kannappan Priyadharshan,GM,IND,2553,2478,2464,1993,132
462,"Kourkoulos-Arditis, Stamatis",IM,GRE,2553,2468,2400,1998,798
463,"Kuljasevic, Davorin",GM,CRO,2553,2549,2481,1986,1147
464,"Mecking, Henrique",GM,BRA,2553,2593,2587,1952,1030
465,"Schroeder, Jan-Christian",GM,GER,2553,2444,2556,1998,1023
466,"Tregubov, Pavel V.",GM,FRA,2553,2522,2425,1971,3477
467,"Fontaine, Robert",GM,SUI,2552,0,0,1980,1121
468,"Friedel, Joshua",GM,USA,2552,0,2514,1986,1198
469,"Janik, Igor",GM,POL,2552,2459,2484,2000,1432
470,"Nasuta, Grzegorz",GM,POL,2552,2435,2449,1996,2200
471,"Parligras, Mircea-Emilian",GM,ROU,2552,2496,2486,1980,2350
472,"Perunovic, Milos",GM,SRB,2552,2588,2573,1984,2008
473,"Shomoev, Anton",GM,RUS,2552,2514,2451,1981,1394
474,"Van Foreest, Lucas",GM,NED,2552,2483,2519,2001,1410
475,"Vavulin, Maxim",GM,FID,2552,2479,2544,1998,849
476,Visakh N R,GM,IND,2552,2466,2466,1999,1298
477,"Wolff, Patrick",GM,USA,2552,2524,0,1968,783
478,"Zhang, Pengxiang",GM,CHN,2552,2517,0,1980,744
479,"Engel, Luis",GM,GER,2551,2455,2455,2002,1155
480,"Lintchevski, Daniil",GM,RUS,2551,2493,2559,1990,1985
481,"Smagin, Sergey",GM,RUS,2551,2352,2339,1958,1163
482,"Dzindzichashvili, Roman",GM,USA,2550,0,0,1944,1143
483,"Hellsten, Johan",GM,SWE,2550,2543,0,1975,790
484,"Ju, Wenjun",GM,CHN,2550,2598,2536,1991,1961
485,"Kacharava, Nikolozi",IM,GEO,2550,2405,2412,2004,607
486,"Lafuente, Pablo",GM,ARG,2550,0,0,1985,928
487,"Mishra, Abhimanyu",GM,USA,2550,0,2449,2009,561
488,"Tiviakov, Sergei",GM,NED,2550,2602,2647,1973,3479
489,"Werle, Jan",GM,NED,2550,2523,0,1984,1403
490,"Arutinian, David",GM,GEO,2549,2496,2525,1984,1040
491,"Gazik, Viktor",GM,SVK,2549,2466,2526,2001,1389
492,"Kobo, Ori",GM,ISR,2549,2448,2447,1997,1402
493,"Michiels, Bart",GM,BEL,2549,2550,2565,1986,903
494,"Peng, Li Min",GM,UKR,2549,2411,2436,1997,486
495,"Dziuba, Marcin",GM,POL,2548,2464,2478,1983,1486
496,"Gelashvili, Tamaz",GM,GEO,2548,0,2627,1978,1410
497,"Liu, Yan",GM,CHN,2548,2432,2432,2000,561
498,"Nechepurenko, Roman V.",FM,RUS,2548,2518,2527,1988,385
499,"Petrosian, Tigran L.",GM,ARM,2548,2604,2625,1984,2435
500,"Postny, Evgeny",GM,ISR,2548,2497,2504,1981,3953
501,"Spassky, Boris V.",GM,RUS,2548,0,0,1937,3080
502,"Cheng, Bobby",GM,AUS,2547,2513,2481,1997,645
503,"Drygalov, Sergey",GM,RUS,2547,2461,2533,1999,1006
504,"Hera, Imre Jr.",GM,HUN,2547,2553,2598,1986,1307
505,"Hracek, Zbynek",GM,CZE,2547,2559,2534,1970,2678
506,"Makarian, Rudik",IM,FID,2547,2462,2430,2004,1889
507,"Papp, Gabor",GM,HUN,2547,2540,2587,1987,1790
508,"Petrov, Nikita",GM,MNE,2547,2514,2549,1996,1122
509,"Rychagov, Andrey",GM,RUS,2547,2469,2437,1979,2061
510,"Sorokin, Aleksey",GM,RUS,2547,2561,2476,2000,882
511,"Sychev, Klementy",GM,FID,2547,2484,2583,1996,1803
512,"Zakhartsov, Vladimir",GM,RUS,2547,2496,2497,1997,2140
513,"Georgiev, Kiril",GM,MKD,2546,2618,2521,1965,3652
514,"Steinberg, Nitzan",GM,ISR,2546,2500,2486,1998,882
515,"Stukopin, Andrey",GM,RUS,2546,2561,2450,1994,972
516,"Hickl, Joerg",GM,GER,2545,0,0,1965,1500
517,"Lei, Tingjie",GM,CHN,2545,2517,2530,1997,1243
518,"Pranav, V",GM,IND,2545,2465,2500,2006,1680
519,"Rogers, Ian",GM,AUS,2545,2550,0,1960,2563
520,"Ruban, Vadim",GM,RUS,2545,2521,0,1964,477
521,"Smirnov, Pavel",GM,RUS,2545,2470,2519,1982,2068
522,"Sviridov, Valery",,RUS,2545,2434,2457,1991,693
523,"Tristan, Leonardo",GM,ARG,2545,2529,2461,1989,2111
524,"Baklan, Vladimir",GM,UKR,2544,2625,2610,1978,2384
525,"El Debs, Felipe de Cresce",GM,BRA,2544,2535,2564,1985,1066
526,"Iljiushenok, Ilia",GM,FID,2544,2472,2480,1993,1383
527,Lalit Babu M R,GM,IND,2544,2550,2551,1993,1503
528,"Lazavik, Denis",GM,BLR,2544,2488,2560,2006,2554
529,"Sosa, Tomas",GM,ARG,2544,2480,2560,1998,1121
530,"Chirila, Ioan-Cristian",GM,ROU,2543,2508,2445,1991,1300
531,"Gao, Rui",GM,CHN,2543,2443,2475,1992,635
532,"Graf, Alexander",GM,GER,2543,0,0,1962,1932
533,"Ziska, Helgi Dam",GM,FAI,2543,2572,2558,1990,799
534,"Al-Mudahka, Mohd",GM,QAT,2542,2511,2475,1974,104
535,"Goldin, Alexander",GM,USA,2542,0,0,1964,1218
536,"Gulko, Boris",GM,USA,2542,2507,0,1947,2516
537,"Le, Tuan Minh",GM,VIE,2542,2501,2566,1996,2103
538,"Lomasov, Semyon",GM,ISR,2542,2560,2445,2002,749
539,"Yilmazyerli, Mert",GM,TUR,2542,2433,2433,1992,836
540,"Dorfman, Iossif",GM,FRA,2541,2545,2512,1953,1692
541,"Dvirnyy, Danyyil",GM,ITA,2541,2456,2526,1990,1824
542,"Gretarsson, Hjorvar Steinn",GM,ISL,2541,2521,2535,1993,963
543,"Jankovic, Alojzije",GM,CRO,2541,2501,2492,1983,1611
544,"Kevlishvili, Robby",GM,NED,2541,2577,2572,2001,1281
545,"Krysa, Leandro",GM,ARG,2541,2532,2489,1992,1843
546,"Li, Ruifeng",GM,USA,2541,2441,2441,2001,759
547,"Maze, Sebastien",GM,FRA,2541,2551,2462,1984,2561
548,"Rivas Pastor, Manuel",GM,ESP,2541,0,0,1960,1175
549,"Shariyazdanov, Andrey",GM,RUS,2541,2453,2441,1976,1010
550,"Shipov, Sergei",GM,RUS,2541,2543,2517,1966,1914
551,"Daneshvar, Bardiya",GM,IRI,2540,2452,2468,2006,849
552,"Holt, Conrad",GM,USA,2540,2548,2592,1993,1939
553,"Kuzmin, Alexey",GM,RUS,2540,2530,2445,1963,647
554,"Savchenko, Boris",GM,RUS,2540,2551,2495,1986,3385
555,"Stevic, Hrvoje",GM,CRO,2540,2545,2572,1980,2098
556,"Tukmakov, Vladimir B",GM,UKR,2540,2532,0,1946,2778
557,"Volzhin, Alexander",GM,RUS,2540,0,0,1971,714
558,"Wilder, Michael",GM,USA,2540,0,0,1962,324
559,"Zinchenko, Yaroslav",GM,UKR,2540,2520,2493,1987,881
560,"Alburt, Lev",GM,USA,2539,2526,2521,1945,1105
561,"Aroshidze, Levan",GM,ESP,2539,2521,2533,1985,892
562,"Boruchovsky, Avital",GM,ISR,2539,2466,2450,1997,1175
563,"Cordova, Emilio",GM,PER,2539,2610,2607,1991,1720
564,"Laurent-Paoli, Pierre",IM,FRA,2539,2437,2377,2000,307
565,"Topalovic, Zlatko",IM,CRO,2539,0,0,1965,197
566,"Cmilyte, Viktorija",GM,LTU,2538,2438,2438,1983,1408
567,"Guliyev, Namig",GM,AZE,2538,2511,2528,1974,2008
568,"Matviishen, Viktor",GM,UKR,2538,2424,2424,2002,737
569,"Spoelman, Wouter",GM,NED,2538,0,2534,1990,907
570,"Tsydypov, Zhamsaran",GM,RUS,2538,2563,2584,1996,1695
571,"Aghasaryan, Robert",GM,ARM,2537,2466,2471,1994,304
572,"Bosiocic, Marin",GM,CRO,2537,2523,2575,1988,2147
573,"Krivoborodov, Egor",GM,RUS,2537,2559,2552,1989,479
574,"Mekhitarian, Krikor Sevag",GM,BRA,2537,2594,2604,1986,3375
575,"Ochsner, Bjorn Moller",IM,DEN,2537,2472,2448,1994,778
576,"Pert, Nicholas",GM,ENG,2537,2600,2536,1981,1229
577,"Pruijssers, Roeland",GM,NED,2537,0,2545,1989,1516
578,"Rowson, Jonathan",GM,SCO,2537,2525,2519,1977,1102
579,"Handke, Florian, Dr.",GM,GER,2536,2514,2511,1982,1144
580,"Kengis, Edvins",GM,LAT,2536,2414,2512,1959,1738
581,"Lobanov, Sergei",GM,FID,2536,2436,2489,2001,1490
582,"Maurizzi, Marc`Andria",GM,FRA,2536,2421,2421,2007,7
583,"Obolenskikh, Dmitry",IM,RUS,2536,2602,2517,1985,777
584,"Gavrilescu, David",GM,ROU,2535,2505,2503,2003,1267
585,"Kosteniuk, Alexandra",GM,SUI,2535,2524,2453,1984,4738
586,"Skoberne, Jure",GM,SLO,2535,2438,2559,1987,998
587,Aronyak Ghosh,IM,IND,2534,2422,2421,2003,587
588,"Smikovski, Ivan",IM,RUS,2534,2509,0,1972,252
589,"Tukhaev, Adam",GM,UKR,2534,2502,2526,1988,1160
590,"Vajda, Levente",GM,ROU,2534,2539,2573,1981,2261
591,"Vovk, Yuri",GM,UKR,2534,2559,2477,1988,1346
592,"Hernandez Guerrero, Gilberto",GM,MEX,2533,2527,2526,1970,1576
593,"Ibragimov, Ildar",GM,RUS,2533,2433,2433,1967,1671
594,"Iermito, Sebastian",IM,ITA,2533,2427,2456,1993,904
595,"Kozhakin, Vladimir",FM,RUS,2533,0,0,1957,2
596,"Kozul, Zdenko",GM,CRO,2533,2526,2578,1966,3760
597,"Popov, Valerij",GM,RUS,2533,2521,2501,1974,1758
598,"Ruck, Robert",GM,HUN,2533,2470,2561,1977,2505
599,"Schwartzman, Gabriel",GM,USA,2533,0,0,1976,435
600,"Sivuk, Vitaly",GM,SWE,2533,2511,2500,1992,1575
601,"Vazquez Igarza, Renier",GM,ESP,2533,2573,2580,1979,1240
602,"Warakomski, Tomasz",GM,POL,2533,2445,2445,1989,1318
603,"Babula, Vlastimil",GM,CZE,2532,2551,2474,1973,2885
604,"Kantor, Gergely",GM,HUN,2532,2480,2526,1999,1213
605,"Liu, Qingnan",GM,CHN,2532,2505,2537,1992,402
606,"Mueller, Karsten, Dr.",GM,GER,2532,0,2491,1970,8
607,"Perez Ponsa, Federico",GM,ARG,2532,2593,2590,1993,2138
608,"Pultinevicius, Paulius",GM,LTU,2532,2506,2529,2001,1505
609,"Stremavicius, Titas",GM,LTU,2532,2461,2417,1998,1258
610,"Edouard, Romain",GM,FRA,2531,2574,2572,1990,2410
611,"Ivanisevic, Ivan",GM,SRB,2531,2585,2589,1977,3140
612,"Kosashvili, Yona",GM,ISR,2531,0,0,1970,327
613,"Martinez Duany, Lelys Stanley",GM,CUB,2531,2508,2418,1985,1006
614,"Muradli, Mahammad",GM,AZE,2531,2486,2558,2003,1556
615,"Rombaldoni, Axel",GM,ITA,2531,2488,2466,1992,1033
616,"Ruzele, Darius",GM,LTU,2531,0,0,1968,435
617,"Saric, Ibro",GM,BIH,2531,2556,2518,1982,794
618,"Afanasiev, Nikita",GM,RUS,2530,2530,2524,2000,1079
619,"Budnikov, Alexandar",IM,RUS,2530,0,0,1967,329
620,"Ehlvest, Jaan",GM,USA,2530,2506,2442,1962,3589
621,"Liang, Jason",IM,USA,2530,2378,2378,2007,694
622,"Margvelashvili, Giorgi",GM,GEO,2530,0,2549,1990,631
623,"Matsenko, Sergei",GM,RUS,2530,2505,2481,1990,844
624,"Parker, Jonathan F",GM,ENG,2530,2506,0,1976,533
625,"Plat, Vojtech",GM,CZE,2530,2551,2542,1994,2537
626,"Aczel, Gergely",GM,HUN,2529,2490,2406,1991,1095
627,"Dai, Changren",GM,CHN,2529,2415,2415,1999,556
628,"Flores Rios, Mauricio",GM,CHI,2529,0,2480,1990,449
629,"Kolev, Atanas",GM,BUL,2529,0,0,1967,1127
630,"Moiseenko, Vadim",GM,RUS,2529,2406,2431,1994,1269
631,"Wahls, Matthias",GM,GER,2529,0,0,1968,1164
632,"David, Alberto",GM,ITA,2528,2617,2527,1970,2722
633,"Novikov, Stanislav",GM,RUS,2528,2407,2378,1985,870
634,"Pinter, Jozsef",GM,HUN,2528,0,0,1953,1870
635,"Timman, Jan H",GM,NED,2528,2472,2501,1951,4616
636,"Yakovich, Yuri",GM,RUS,2528,2477,2426,1962,1794
637,"Ibrahimov, Rasul",GM,AZE,2527,2515,2467,1981,748
638,"Krasenkow, Michal",GM,POL,2527,2434,2450,1963,3456
639,"Novikov, Igor",GM,USA,2527,0,0,1962,252
640,"Shcherbakov, Ruslan",GM,RUS,2527,2439,2486,1969,1245
641,"Thybo, Jesper Sondergaard",GM,DEN,2527,2404,2398,1999,1138
642,"Urkedal, Frode Olav Olsen",GM,NOR,2527,2486,2418,1993,1303
643,"Almeida Quintana, Omar",GM,CUB,2526,2478,2520,1981,1619
644,"Cuartas, Jaime Alexander",GM,COL,2526,2518,2435,1975,970
645,"Ernst, Sipke",GM,NED,2526,2514,2436,1979,2241
646,"Hamdouchi, Hicham",GM,MAR,2526,2495,2490,1972,1749
647,"Lutz, Christopher",GM,GER,2526,0,0,1971,1502
648,"Nikolic, Predrag",GM,BIH,2526,2634,2550,1960,2935
649,"Tan, Zhongyi",GM,CHN,2526,2517,2519,1991,2001
650,"Yemelin, Vasily",GM,RUS,2526,2511,2457,1976,1511
651,"Babaev, Rashad",GM,AZE,2525,0,0,1981,537
652,"Batsuren, Dambasuren",GM,MGL,2525,2422,2448,2004,534
653,"Borovikov, Vladislav",GM,UKR,2525,0,0,1973,798
654,"Danin, Alexandre",GM,RUS,2525,2455,2573,1986,1039
655,"Dzagnidze, Nana",GM,GEO,2525,2462,2406,1987,2680
656,"Goganov, Aleksey",GM,RUS,2525,2510,2461,1991,1994
657,"Gonzalez Vidal, Yuri",GM,CUB,2525,2556,2425,1981,1110
658,"Huzman, Alexander",GM,ISR,2525,2472,2437,1962,1807
659,"Lampert, Jonas",GM,GER,2525,0,2492,1997,802
660,Pranav Anand,GM,IND,2525,2402,2389,2006,574
661,"Rasmussen, Allan Stig",GM,DEN,2525,2503,2490,1983,1177
662,"Rustemov, Alexander",GM,RUS,2525,2494,0,1973,3514
663,"Sikula, Vaszilij",GM,UKR,2525,0,0,1981,501
664,"Stefansson, Hannes",GM,ISL,2525,2454,2490,1972,3030
665,"Stocek, Jiri",GM,CZE,2525,2534,2425,1977,2773
666,"Swinkels, Robin",GM,NED,2525,0,2414,1989,1039
667,"Brodsky, Michail",GM,UKR,2524,2540,2499,1969,1696
668,"Harutyunyan, Tigran K.",GM,ARM,2524,2439,2411,1997,37
669,"Lodici, Lorenzo",GM,ITA,2524,2436,2436,2000,875
670,"Nanu, Costica-Ciprian",GM,ROU,2524,2493,2485,1977,1262
671,"Repka, Christopher",GM,SVK,2524,2428,2411,1998,1195
672,"Saric, Ante",GM,CRO,2524,2536,2573,1984,2245
673,"Ten Hertog, Hugo",GM,NED,2524,2491,2496,1994,524
674,"Anisimov, Pavel",GM,MNE,2523,2484,2486,1986,760
675,"Beerdsen, Thomas",IM,NED,2523,2462,2547,1998,2033
676,"Blomqvist, Erik",GM,SWE,2523,2501,2436,1990,2143
677,"Dlugy, Maxim",GM,USA,2523,2554,2602,1966,978
678,"Megaranto, Susanto",GM,INA,2523,2531,2614,1987,1081
679,"Mikaelyan, Arman",GM,ARM,2523,2456,2456,1996,868
680,"Prokopchuk, Evgeny",GM,RUS,2523,0,0,1978,382
681,"Sebenik, Matej",GM,SLO,2523,2461,2466,1983,2105
682,"Tang, Andrew",GM,USA,2523,2433,2596,1999,2141
683,"Cruz, Cristhian",GM,PER,2522,2506,2502,1992,1329
684,"Haria, Ravi",GM,ENG,2522,2422,2422,1999,1030
685,"Jovanovic, Zoran",GM,CRO,2522,2565,2607,1979,2174
686,"Kazakouski, Valery",GM,LTU,2522,2484,2548,2000,1115
687,"Kharitonov, Alexandr",GM,RUS,2522,2573,2466,1986,968
688,"Nikitenko, Mihail",GM,BLR,2522,2397,2398,2000,912
689,"Noe, Christopher",IM,GER,2522,2427,2542,1996,675
690,"Serper, Grigory",GM,USA,2522,0,0,1969,1091
691,"Bogner, Sebastian",GM,SUI,2521,2552,2500,1991,1325
692,"Geller, Jakov",GM,RUS,2521,2484,2421,1986,1282
693,"Korpa, Bence",GM,HUN,2521,2446,2475,1998,1062
694,"Magai, Vladimir",IM,KGZ,2521,0,0,1968,110
695,"Moradiabadi, Elshan",GM,USA,2521,2566,2551,1985,1537
696,"Mozharov, Mikhail",GM,RUS,2521,2462,2421,1990,901
697,"Alsina Leal, Daniel",GM,ESP,2520,2441,2395,1988,1303
698,"Belous, Vladimir",GM,RUS,2520,2623,2534,1993,1386
699,"Burg, Twan",GM,NED,2520,2539,2422,1990,1338
700,"Dervishi, Erald",GM,ALB,2520,2537,2486,1979,942
701,"Ismagambetov, Anuar",GM,KAZ,2520,2484,2487,1986,958
702,"Kosyrev, Vladimir",GM,RUS,2520,2533,2520,1980,490
703,Koustav Chatterjee,IM,IND,2520,2396,2432,2003,447
704,"Lamard, Guillaume",IM,FRA,2520,2452,2413,1997,556
705,"Makarichev, Sergey",GM,RUS,2520,0,0,1953,927
706,"Nguyen, Anh Khoi",GM,VIE,2520,2420,2420,2002,560
707,"Sosonko, Gennadi",GM,NED,2520,0,0,1943,1467
708,"Terry, Renato",IM,PER,2520,2472,2575,1992,1782
709,"Abdrlauf, Elham",IM,NOR,2519,2463,2469,2005,1236
710,"Bhat, Vinay",GM,USA,2519,2538,0,1984,918
711,"Horvath, Dominik",IM,AUT,2519,2398,2407,2003,1071
712,"Kiselev, Vitaliy",GM,RUS,2519,2397,2430,1988,373
713,"Moreno Carnero, Javier",GM,ESP,2519,0,0,1975,817
714,"Andersson, Ulf",GM,SWE,2518,2439,2467,1951,3491
715,"Chandler, Murray G",GM,NZL,2518,0,0,1960,2391
716,"Ferreira, Jorge Viterbo",GM,POR,2518,2433,2429,1994,665
717,"Kriebel, Tadeas",IM,CZE,2518,2432,2437,1995,1125
718,"Luther, Thomas",GM,GER,2518,2497,2527,1969,2423
719,"Markowski, Tomasz",GM,POL,2518,2490,2493,1975,1956
720,"Ovetchkin, Roman",GM,RUS,2518,2410,2398,1973,1602
721,"Sturua, Zurab",GM,GEO,2518,2489,2447,1959,1263
722,"Arnold, Marc",GM,USA,2517,2502,0,1992,78
723,Bharath Subramaniyam H,GM,IND,2517,2355,2395,2007,1040
724,"Checa, Nicolas",GM,USA,2517,2416,2507,2001,562
725,"Dunis, Aurelien",IM,FRA,2517,0,0,1979,303
726,"Flores, Diego",GM,ARG,2517,2598,2613,1982,2270
727,"Gordievsky, Dmitry",GM,RUS,2517,2427,2546,1996,1139
728,"Hansen, Sune Berg",GM,DEN,2517,2568,0,1971,1758
729,"Hong, Andrew",GM,USA,2517,0,2460,2004,542
730,"Krejci, Jan",GM,CZE,2517,2479,2416,1992,1952
731,"Kunin, Vitaly",GM,GER,2517,2516,2417,1983,1946
732,"Mista, Aleksander",GM,POL,2517,2514,2481,1983,1547
733,"Pavasovic, Dusko",GM,SLO,2517,0,2568,1976,2030
734,"Shaposhnikov, Evgeny",GM,RUS,2517,2511,2574,1981,1322
735,"Wirig, Anthony",GM,FRA,2517,2470,2479,1983,1473
736,"Bernasek, Jan",GM,CZE,2516,2505,2446,1986,1284
737,"Bocharov, Dmitry",GM,RUS,2516,2548,2469,1982,2736
738,"Das, Sayantan",GM,IND,2516,2413,2411,1997,987
739,"Diamant, Andre",GM,BRA,2516,2439,2468,1990,1175
740,Karthik Venkataraman,GM,IND,2516,2386,2419,1999,10
741,"Kelires, Andreas",GM,GRE,2516,2438,2438,1999,557
742,"Prusikin, Michael",GM,GER,2516,2458,2538,1978,1267
743,"Sokolov, Andrei",IM,LAT,2516,2510,2473,1972,2819
744,"Vasquez Schroeder, Rodrigo",GM,CHI,2516,2582,2606,1969,2869
745,"Vrolijk, Liam",GM,NED,2516,2498,2469,2002,894
746,"Bailet, Pierre",GM,FRA,2515,2469,2520,1988,771
747,"Balakrishnan, Praveen",GM,USA,2515,2410,2410,2002,699
748,"German, Gustavo",,ARG,2515,0,0,1978,157
749,"Haslinger, Stewart G",GM,ENG,2515,0,0,1981,826
750,"Iniyan, P",GM,IND,2515,2441,2449,2002,1343
751,"Lie, Kjetil A.",GM,NOR,2515,2460,2420,1980,860
752,"Magerramov, Elmar",GM,AZE,2515,2560,2434,1958,809
753,"Mikhalevski, Victor",GM,ISR,2515,2434,2493,1972,3064
754,"Miranda Mesa, Elier",GM,CUB,2515,2424,2440,1993,288
755,"Muzychuk, Mariya",GM,UKR,2515,2470,2443,1992,1510
756,"Nozdrachev, Vladislav",IM,RUS,2515,2495,2481,1992,535
757,"Paichadze, Luka",GM,GEO,2515,2454,2540,1991,1117
758,"Pelletier, Yannick",GM,SUI,2515,2643,0,1976,2272
759,"Petkov, Momchil",GM,BUL,2515,2407,2383,2005,689
760,Raja Harshit,GM,IND,2515,2361,2458,2001,867
761,"Gorshtein, Ido",GM,ISR,2514,2410,2415,2002,405
762,"Hauge, Lars Oskar",GM,NOR,2514,2431,2431,1998,959
763,"Kezin, Roman",IM,RUS,2514,2496,2504,1995,862
764,"Koniushkov, Igor",GM,RUS,2514,0,0,1962,172
765,"Nenezic, Marko",IM,SRB,2514,2526,2457,1995,964
766,"Olszewski, Michal",GM,POL,2514,2456,2422,1989,977
767,"Quparadze, Giga",GM,GEO,2514,2559,2619,1987,1692
768,"Xiu, Deshun",GM,CHN,2514,2579,2493,1989,524
769,"Zakhartsov, Viacheslav V.",GM,FID,2514,2421,2423,1968,1055
770,"Zarnicki, Pablo",GM,ARG,2514,2448,2468,1972,1347
771,"Avila Pavas, Santiago",GM,COL,2513,2356,2365,2004,1148
772,"Ermakov, Evgeny",IM,RUS,2513,0,0,1965,22
773,"Gazarian, Aram",GM,RUS,2513,0,0,1983,107
774,"Glud, Jakob Vang",GM,DEN,2513,2521,2564,1988,800
775,"Har-Zvi, Ronen",GM,ISR,2513,0,2523,1976,483
776,"Hillarp Persson, Tiger",GM,SWE,2513,2533,2555,1970,2740
777,"Janssen, Ruud",GM,NED,2513,0,2455,1979,998
778,"Kazakov, Mikhail",GM,UKR,2513,2413,2413,1972,880
779,"Kvon, Andrey",GM,UZB,2513,2485,2468,1989,413
780,"Ladva, Ottomar",GM,EST,2513,2413,2482,1997,889
781,"Macieja, Bartlomiej",GM,POL,2513,2446,2430,1977,2387
782,"Quintiliano Pinto, Renato R.",GM,BRA,2513,2406,2459,1992,1685
783,"Subelj, Jan",IM,SLO,2513,2417,2474,2004,987
784,"Trushnikov, Sergey",,RUS,2513,2428,2466,1975,100
785,"Chebotarev, Oleg",,RUS,2512,2412,2434,1985,330
786,"Djukic, Nikola",GM,MNE,2512,2553,2565,1983,1777
787,"Fernandez, Daniel Howard",GM,ENG,2512,2380,2466,1995,1398
788,"Khegay, Dmitriy",GM,RUS,2512,2444,2472,1997,813
789,"Ortiz Suarez, Isan Reynaldo",GM,CUB,2512,2563,2545,1985,1184
790,"Song, Raymond",GM,TPE,2512,2383,2383,1994,574
791,"Vysochin, Spartak",GM,UKR,2512,2468,2367,1975,1644
792,"Asis Gargatagli, Hipolito",GM,ESP,2511,2517,2557,1986,1153
793,"Dronavalli, Harika",GM,IND,2511,2447,2432,1991,0
794,"Halkias, Stelios",GM,GRE,2511,2511,2451,1980,2579
795,"Krzyzanowski, Marcin",GM,POL,2511,2435,2471,1994,1243
796,"Nikolaidis, Ioannis",GM,GRE,2511,2535,2513,1971,1738
797,"Rozum, Ivan",GM,RUS,2511,2512,2423,1991,1985
798,"Bogosavljevic, Boban",GM,SRB,2510,2597,2471,1988,1103
799,"Brunello, Sabino",GM,ITA,2510,2676,2587,1989,2050
800,"Conquest, Stuart C",GM,ENG,2510,2429,2442,1967,2434
801,"Grigorov, Grigor",GM,BUL,2510,2521,2510,1987,843
802,"Gundavaa, Bayarsaikhan",GM,MGL,2510,2398,2392,1989,823
803,"Hauchard, Arnaud",GM,FRA,2510,2533,0,1971,1119
804,"Khenkin, Igor",GM,GER,2510,2518,2621,1968,2884
805,"Krakops, Maris",GM,LAT,2510,2470,2410,1978,357
806,"Lesiege, Alexandre",GM,CAN,2510,0,0,1975,1275
807,"Mitrabha, Guha",GM,IND,2510,2401,2507,2001,1318
808,"Mons, Leon",GM,GER,2510,0,2492,1995,800
809,"Rasulov, Vugar",GM,AZE,2510,2415,2509,1991,2478
810,"Tan, Justin",GM,AUS,2510,2403,2531,1997,1227
811,Arjun Kalyan,GM,IND,2509,2387,2424,2002,980
812,"Aveskulov, Valeriy",GM,UKR,2509,2509,2552,1986,847
813,"Brown, Michael",GM,USA,2509,0,0,1997,539
814,"Fernandez Romero, Ernesto",GM,ESP,2509,0,0,1983,1072
815,"Grover, Sahaj",GM,IND,2509,2492,2432,1995,1270
816,"Le Roux, Jean-Pierre",GM,FRA,2509,2601,2476,1982,1343
817,"Mateuta, Gabriel",IM,ROU,2509,2519,2505,1980,607
818,"Medvegy, Zoltan",GM,HUN,2509,2426,2535,1979,1559
819,"Mousavi, Seyed Khalil",GM,IRI,2509,2441,2437,1998,725
820,"Popovic, Dusan",GM,SRB,2509,2552,2573,1983,1429
821,"Schlosser, Philipp",GM,GER,2509,2549,2559,1968,1853
822,"Vorontsov, Pavlo",GM,UKR,2509,2534,2480,1998,555
823,"Wieczorek, Oskar",GM,POL,2509,2401,2418,1994,1917
824,"Zhigalko, Andrey",GM,BLR,2509,2449,2452,1985,1388
825,"Appel, Ralf",GM,GER,2508,0,2534,1971,590
826,"Sahidi, Samir",IM,SVK,2508,2488,2480,2003,1160
827,"Xu, Zhihang",IM,CHN,2508,2405,2404,2001,354
828,"Arun Prasad, S.",GM,IND,2507,2486,2514,1988,226
829,"Atabayev, Yusup",GM,TKM,2507,2528,2473,1994,490
830,"Garcia Pantoja, Roberto",GM,CUB,2507,2492,2542,1992,602
831,"Lugovoi, Aleksei",GM,RUS,2507,0,2474,1975,1001
832,"Miladinovic, Igor",GM,SRB,2507,2537,2586,1974,2214
833,"Ringoir, Tanguy",GM,BEL,2507,2513,2587,1994,975
834,"Savinov, Viktor",IM,UKR,2507,0,0,1966,44
835,"Schitco, Ivan",GM,MDA,2507,2430,2430,2003,666
836,"Shchekachev, Andrei",GM,FRA,2507,2441,2430,1972,2220
837,"Basso, Pier Luigi",GM,ITA,2506,2458,2438,1997,1467
838,"Davtyan, Artur",IM,ARM,2506,2417,2417,2002,733
839,"Dydyshko, Viacheslav",GM,BLR,2506,2428,0,1949,1279
840,"Gordon, Stephen J",GM,ENG,2506,2474,2466,1986,773
841,"Henderson de La Fuente, Lance",GM,AND,2506,2363,2419,2003,754
842,"Hungaski, Robert",GM,USA,2506,2390,2433,1987,996
843,"Iljin, Artem",GM,MNE,2506,2496,2436,1987,672
844,"Kazhgaleyev, Murtas",GM,KAZ,2506,2483,2505,1973,1534
845,"Kukhmazov, Arsen",IM,FID,2506,2468,2396,1997,769
846,"Nataf, Igor-Alexandre",GM,FRA,2506,0,0,1978,1277
847,"Obregon, Andres Carlos",GM,ARG,2506,2502,2564,1986,590
848,"Sumets, Andrey",GM,UKR,2506,2469,2404,1980,1604
849,"Triapishko, Alexandr",IM,RUS,2506,2437,2510,2000,1527
850,Aditya Mittal,GM,IND,2505,2386,2396,2006,1680
851,"Baron, Tal",GM,ISR,2505,2428,2442,1992,841
852,"Blehm, Pawel",GM,POL,2505,0,0,1980,595
853,"Can, Isik",IM,TUR,2505,2374,2374,2005,718
854,"Charbonneau, Pascal",GM,CAN,2505,0,0,1983,971
855,"Daggupati, Balaji",GM,USA,2505,0,0,2005,574
856,"Delchev, Aleksander",GM,BUL,2505,2474,2503,1971,2773
857,"Kayumov, Sergey",GM,UZB,2505,2405,2405,1981,448
858,"Kumaran, Dharshan",GM,ENG,2505,0,0,1975,330
859,"Makarov, Marat",GM,RUS,2505,2422,2419,1963,1029
860,"Muratovic, Alija",GM,SRB,2505,2423,0,1962,126
861,"Parkhov, Yair",IM,ISR,2505,2392,2421,2002,658
862,"Qashashvili, Alexandre",GM,GEO,2505,0,2405,1975,775
863,"Rogoff, Kenneth",GM,USA,2505,0,0,1953,287
864,"Roshka, Yevgeniy",IM,UKR,2505,2429,2429,2001,564
865,"Shengelia, David",GM,AUT,2505,2452,2428,1980,1285
866,"Xu, Yi",GM,CHN,2505,2402,2471,1998,1443
867,"Adorjan, Andras",GM,HUN,2504,0,0,1950,1964
868,"Beim, Valeri",GM,AUT,2504,0,2502,1950,668
869,"Berg, Emanuel",GM,SWE,2504,2570,2502,1981,2374
870,"Draskovic, Luka",GM,MNE,2504,2408,2421,1995,923
871,"Jianu, Vlad-Cristian",GM,ROU,2504,2512,2530,1984,1326
872,"Muzychuk, Anna",GM,UKR,2504,2441,2452,1990,2455
873,"Orlov, Andrey",GM,FID,2504,2585,2498,1977,626
874,"Priasmoro, Novendra",GM,INA,2504,2412,2412,1999,962
875,"Rozentalis, Eduardas",GM,LTU,2504,2462,2488,1963,3559
876,Sankalp Gupta,GM,IND,2504,2427,2457,2003,845
877,"Sherzer, Alex",GM,USA,2504,0,0,1971,492
878,"Smejkal, Jan",GM,CZE,2504,0,0,1946,2257
879,"Smetankin, Stanislav",IM,BLR,2504,0,2464,1980,298
880,"Szabo, Gergely-Andras-Gyula",GM,ROU,2504,2421,2494,1983,1316
881,"Berdayes Ason, Dylan Isidro",GM,CUB,2503,2408,2417,1998,364
882,"Eryomenko, Volodymyr",GM,UKR,2503,0,2403,1987,134
883,"Gholami, Aryan",GM,IRI,2503,2403,2403,2001,855
884,"Kanarek, Marcel",GM,POL,2503,2400,2388,1993,1248
885,"Lin, Chen",GM,CHN,2503,2458,2493,1988,488
886,"Magomedov, Magaram",GM,RUS,2503,2464,2486,1966,391
887,"Martinez, Carlos Alejandro",IM,BRA,2503,2403,2242,1955,727
888,"Mirumian, Vigen",GM,CZE,2503,0,2473,1977,555
889,"Perelshteyn, Eugene",GM,USA,2503,0,0,1980,824
890,"Poluljahov, Aleksandr",GM,RUS,2503,2498,0,1965,1133
891,"Pulvett Marin, Daniel Eduardo",IM,ESP,2503,2508,2416,1991,551
892,"Tazbir, Marcin",GM,POL,2503,2434,2516,1988,1433
893,"Tran, Tuan Minh",GM,VIE,2503,2424,2460,1997,1456
894,"Agaragimov, Djakhangir",GM,AZE,2502,0,0,1986,226
895,"Ajrapetjan, Yuriy",GM,RUS,2502,2504,0,1988,418
896,"Beradze, Irakli",IM,GEO,2502,2457,2394,1996,628
897,"Czarnota, Pawel",GM,POL,2502,2486,2534,1988,894
898,"Ionov, Sergey",GM,RUS,2502,2416,2434,1962,1138
899,"Kiriakov, Petr",GM,RUS,2502,2458,2527,1975,930
900,"Libiszewski, Fabien",GM,FRA,2502,2431,2444,1984,1542
901,"Naumann, Alexander",GM,GER,2502,2549,2538,1979,1262
902,"Polak, Tomas",GM,CZE,2502,2482,2458,1974,2306
903,"Shyam, Sundar M.",GM,IND,2502,2464,2475,1992,1374
904,"Tiglon, Bryce",IM,USA,2502,0,0,2000,406
905,"Vetoshko, Volodymyr",GM,UKR,2502,2457,2422,1998,831
906,"Baldauf, Marco",GM,GER,2501,2406,2432,1990,849
907,"Blohberger, Felix",GM,AUT,2501,2391,2435,2002,1198
908,"Danielsen, Henrik",GM,ISL,2501,2528,2473,1966,1752
909,"Golod, Vitali",GM,ISR,2501,2396,2590,1971,1658
910,"He, Anthony",IM,USA,2501,0,2409,2005,695
911,"Keinanen, Toivo",IM,FIN,2501,2468,2511,2002,717
912,"Leniart, Arkadiusz",GM,POL,2501,2416,2395,1991,1211
913,"Lubbe, Nikolas",IM,GER,2501,2446,2449,1990,928
914,"Magem Badals, Jordi",GM,ESP,2501,0,0,1967,1598
915,"Pour Agha Bala, Amirreza",,IRI,2501,2360,2371,2004,286
916,"Pourramezanali, Amirreza",GM,IRI,2501,2401,2382,1992,837
917,"Samunenkov, Ihor",IM,UKR,2501,2420,2457,2009,1585
918,"Tilicheev, Viacheslav",GM,SRB,2501,2398,2415,1994,741
919,"Voitsekhovsky, Stanislav",GM,RUS,2501,2474,2435,1964,811
920,"Chiburdanidze, Maia",GM,GEO,2500,2432,2437,1961,1679
921,"Cyborowski, Lukasz",GM,POL,2500,2463,2574,1980,1601
922,"Gadimbayli, Abdulla",GM,AZE,2500,2443,2390,2002,1258
923,"Gharibyan, Mamikon",IM,ARM,2500,2449,2445,2004,1132
924,"Guerra Mendez, Jose Angel",GM,ESP,2500,2483,2495,1988,429
925,"Guerrero, Gilbert",,USA,2500,0,0,,0
926,"Jeremic, Veljko",GM,SRB,2500,0,0,1985,437
927,"Kornev, Alexei",GM,RUS,2500,2523,2492,1976,633
928,"Kucuksari, Kaan",IM,SWE,2500,2367,2364,2003,1180
929,"Prizant, Jaroslav",IM,RUS,2500,2515,2578,1983,350
930,"Seo, Jung Min",IM,SWE,2500,2454,2468,2002,1812
931,"Shtanchaev, A.",IM,RUS,2500,2487,0,1975,32
932,"Stean, Michael F",GM,ENG,2500,0,0,1953,777
933,"Zilberstein, David",IM,ITA,2500,0,0,1941,56
934,"Anurag, Mhamal",GM,IND,2499,2399,2399,1995,686
935,"Erenberg, Ariel",IM,ISR,2499,2397,2416,2001,624
936,"Gallego Alcaraz, Andres Felipe",GM,COL,2499,2434,2399,1989,865
937,"Giorgadze, Tamaz",GM,GEO,2499,0,0,1947,699
938,"Stern, Rene",GM,GER,2499,2456,2525,1972,1130
939,"Acosta, Pablo Ismael",IM,ARG,2498,2405,2393,1999,947
940,"Benjamin, Joel",GM,USA,2498,0,2561,1964,2160
941,"Brenninkmeijer, Joris",IM,NED,2498,0,0,1969,538
942,"Cardoso Cardoso, Jose Gabriel",GM,COL,2498,2425,2496,2004,1303
943,"Charnushevich, Aliaksei",GM,FRA,2498,2502,0,1978,398
944,"Gabriel, Christian",GM,GER,2498,0,0,1975,863
945,"Girish, A. Koushik",GM,IND,2498,2410,2398,1997,404
946,"Ibragimov, Alibek",GM,KAZ,2498,0,2431,1968,104
947,"Konovalov, Nikolay",GM,RUS,2498,2443,2371,1989,357
948,"Salinas Herrera, Pablo",GM,CHI,2498,2455,2546,1994,1883
949,"Schoppen, Casper",GM,NED,2498,2553,2511,2002,599
950,"Shanava, Konstantine",GM,GEO,2498,2379,2477,1985,1106
951,"Zwardon, Vojtech",IM,CZE,2498,2395,2439,1990,1209
952,"Abdumalik, Zhansaya",GM,KAZ,2497,2454,2397,2000,1302
953,"Apicella, Manuel",GM,FRA,2497,2509,2446,1970,1743
954,"Cacho Reigadas, Sergio",IM,ESP,2497,2548,0,1974,351
955,"Mastrovasilis, Athanasios",GM,GRE,2497,2521,2521,1979,1627
956,"Maximov, Dmitry",GM,UKR,2497,2449,2494,1984,682
957,Vignesh N R,GM,IND,2497,2386,2415,1998,822
958,"Wan, Yunguo",GM,CHN,2497,2515,2522,1990,714
959,"Antunes, Antonio",GM,POR,2496,0,0,1962,657
960,"Burmakin, Vladimir",GM,RUS,2496,2405,2455,1967,3486
961,"Bykhovsky, Anatoly",GM,ISR,2496,0,2540,1988,723
962,"Csonka, Balazs",IM,HUN,2496,2452,2404,1997,2153
963,"Druska, Juraj",IM,SVK,2496,2421,2415,1994,1099
964,"Hamitevici, Vladimir",GM,MDA,2496,2427,2401,1991,1110
965,"Janovsky, Sergey",GM,RUS,2496,0,0,1960,298
966,"Nikolov, Momchil",GM,BUL,2496,2497,2378,1985,1707
967,"Petrov, Martin",GM,BUL,2496,2430,2430,2000,1043
968,Samant Aditya S,IM,IND,2496,2367,2362,2006,516
969,"Smirnov, Igor",GM,UKR,2496,0,0,1987,449
970,"Sulskis, Sarunas",GM,LTU,2496,2467,2486,1972,1889
971,"Annaberdiyev, Meylis",GM,TKM,2495,2504,2416,1985,0
972,"Cossin, Sebastien",IM,FRA,2495,0,0,1986,415
973,"Dozorets, Anatoly",FM,USA,2495,0,0,1957,3
974,"Fawzy, Adham",GM,EGY,2495,2530,2539,2000,739
975,"Fodor, Tamas Jr.",GM,HUN,2495,2469,2504,1991,1383
976,"Howell, James C",GM,ENG,2495,0,0,1967,861
977,"Karakehajov, Kalin",IM,BUL,2495,0,0,1986,394
978,"Klein, David",GM,NED,2495,0,0,1993,594
979,"Sadzikowski, Daniel",GM,POL,2495,2400,2403,1994,1590
980,"Solleveld, Maarten",GM,NED,2495,0,0,1979,579
981,"Vernay, Clovis",GM,SUI,2495,2493,2464,1989,741
982,"Abdisalimov, Abdimalik",IM,UZB,2494,2333,2390,2002,739
983,"Arizmendi Martinez, Julen Luis",GM,ESP,2494,2510,2484,1976,1419
984,"Gonda, Laszlo",GM,HUN,2494,2502,0,1988,1455
985,"Irzhanov, Ruslan",GM,KAZ,2494,0,0,1976,264
986,"Kulaots, Kaido",GM,EST,2494,2495,2482,1976,3001
987,"Nakhapetiane, Pogos",FM,RUS,2494,0,2572,1989,211
988,"Norwood, David R",GM,AND,2494,0,2500,1968,595
989,"Pakleza, Zbigniew",GM,POL,2494,2470,2410,1986,2481
990,"Stany, G.A.",GM,IND,2494,2416,2503,1993,490
991,"Yeletsky, Ivan",FM,RUS,2494,2406,2422,1999,1053
992,"Brodsky, David",GM,USA,2493,0,0,2002,509
993,"Chen, Qi b",IM,CHN,2493,2384,2432,2000,723
994,"Dambacher, Martijn",GM,NED,2493,0,0,1979,823
995,"Eingorn, Vereslav S",GM,UKR,2493,2528,2465,1956,1654
996,"Illingworth, Max",GM,AUS,2493,2498,2435,1992,802
997,"Komarov, Dimitri",GM,UKR,2493,2473,2381,1968,1258
998,"Murariu, Andrei",GM,ROU,2493,2511,2448,1986,869
999,"Obregon Rivero, Juan Carlos",GM,MEX,2493,2524,2521,1989,467
1000,Pranesh M,GM,IND,2493,2357,2437,2006,56
1001,"Shoker, Samy",GM,EGY,2493,2441,2496,1987,1079
1002,"Vaganian, Rafael A",GM,ARM,2493,2416,2439,1951,3098
1003,"Yu, Ruiyuan",GM,CHN,2493,2506,2486,1991,411
1004,"Baidetskyi, Valentin",IM,UKR,2492,2388,2487,2002,242
1005,"Barbosa, Oliver",GM,PHI,2492,2610,2594,1986,938
1006,"Berelowitsch, Alexander",GM,GER,2492,2503,2474,1967,1139
1007,"Hall, Jesper",IM,SWE,2492,0,2485,1971,401
1008,"Jovanic, Ognjen",GM,CRO,2492,2414,2407,1978,1760
1009,"Kallio, Heikki",GM,FIN,2492,0,0,1980,966
1010,"Kozyrev, Alexander",IM,RUS,2492,0,0,1959,36
1011,"Lou, Yiping",IM,CHN,2492,2450,2412,1991,714
1012,"Reshetnikov, Alexey",IM,RUS,2492,2473,2501,1988,612
1013,"Salomon, Johan",GM,NOR,2492,2392,2392,1997,823
1014,"Smerdon, David C",GM,AUS,2492,2548,2478,1984,993
1015,"Yeoh, Li Tian",IM,MAS,2492,2430,2430,1999,372
1016,"Zelcic, Robert",GM,CRO,2492,2494,2428,1965,3206
1017,"Barbosa, Evandro Amorim",GM,BRA,2491,2426,2439,1992,1236
1018,"Debashis, Das",GM,IND,2491,2547,2474,1993,1099
1019,"Frolyanov, Dmitry",GM,RUS,2491,2451,2395,1986,1394
1020,"Horvath, Csaba",GM,HUN,2491,2487,2536,1968,3061
1021,"Maljutin, Evgeni",IM,RUS,2491,0,0,1971,461
1022,"Olafsson, Helgi",GM,ISL,2491,2509,2404,1956,1726
1023,"Pham, Minh Hoang",IM,VIE,2491,2459,2459,1978,592
1024,"Pridorozhni, Aleksei",GM,RUS,2491,2521,2584,1981,2101
1025,"Ruan, Lufei",WGM,CHN,2491,0,0,1987,340
1026,"San Segundo Carrillo, Pablo",GM,ESP,2491,0,0,1970,1022
1027,"Steingrimsson, Hedinn",GM,ISL,2491,2559,2590,1975,799
1028,"Dimitrov, Radoslav",GM,BUL,2490,2457,2466,1993,1134
1029,"Haddouche, Mohamed",GM,ALG,2490,2477,2443,1984,738
1030,"Karttunen, Mika",IM,FIN,2490,2396,2396,1981,2303
1031,"Khademalsharieh, Sarasadat",IM,IRI,2490,2395,2417,1997,1322
1032,"Khamrakulov, Djurabek",GM,UZB,2490,2482,2535,1988,875
1033,"Matanovic, Aleksandar",GM,SRB,2490,0,0,1930,1735
1034,"Oliva Castaneda, Kevel",GM,CUB,2490,2528,2418,1994,554
1035,"Reinaldo Castineira, Roi",IM,ESP,2490,2426,0,1980,835
1036,"Soto Hernandez, Henry",IM,CUB,2490,2407,2460,1987,334
1037,"Volkovinsky, Vladimir",IM,UKR,2490,0,0,1953,21
1038,"Berchtenbreiter, Maximilian",IM,GER,2489,2462,2441,1994,796
1039,"Corrales Jimenez, Fidel",GM,USA,2489,2516,2541,1987,1582
1040,"Dzhakaev, Dzhakay",GM,RUS,2489,2422,2426,1980,238
1041,"Escalante Ramirez, Brian Sebasti",IM,PER,2489,2373,2373,1999,769
1042,"Gokerkan, Cem Kaan",IM,TUR,2489,2365,2365,2000,1286
1043,"Gurel, Ediz",IM,TUR,2489,2345,2352,2008,538
1044,"Hernandez Gonzalez, William",IM,CUB,2489,0,2374,1995,316
1045,"Keitlinghaus, Ludger",GM,GER,2489,0,0,1965,857
1046,"Liang, Chong",GM,CHN,2489,0,0,1980,366
1047,"Maharramzade, Javad",IM,AZE,2489,0,0,1976,284
1048,"Moreno Trujillo, Alejandro",IM,ESP,2489,2511,2471,1985,486
1049,"Oral, Tomas",GM,CZE,2489,0,2498,1977,1287
1050,"Palac, Mladen",GM,CRO,2489,2526,2498,1971,3419
1051,"Pezelj, Novak",IM,SRB,2489,2455,2416,1983,388
1052,"Ratkovic, Miloje",GM,SRB,2489,2465,2435,1996,698
1053,"Sadikhov, Ulvi",GM,AZE,2489,2458,2373,1998,678
1054,"Solodovnichenko, Yuri",GM,UKR,2489,2475,2415,1978,2103
1055,"Zhu, Jiner",WGM,CHN,2489,2384,2384,2002,1141
1056,"Zlochevskij, Alexander",GM,RUS,2489,2435,2389,1963,441
1057,"Ahmadzada, Ahmad",IM,AZE,2488,2388,2388,2004,832
1058,"Budisavljevic, Luka",GM,SRB,2488,2424,2419,2004,1015
1059,"Gorovykh, Eduard",GM,RUS,2488,2466,0,1990,380
1060,"Ider, Borya",IM,FRA,2488,2467,2512,1994,653
1061,"Kaczmarczyk, Dennis",IM,GER,2488,0,0,1991,335
1062,"Morovic Fernandez, Ivan",GM,CHI,2488,2578,2498,1963,1454
1063,"Velten, Paul",GM,FRA,2488,2574,2471,1993,819
1064,"Wang, Zili",GM,CHN,2488,0,0,1968,441
1065,"Zierk, Steven",GM,USA,2488,2500,2494,1993,1199
1066,"Abbasov, Farid",GM,AZE,2487,2479,2485,1979,802
1067,"Castaneda, Georgui",GM,PER,2487,2516,2466,1976,397
1068,"Kovalev, Denis",IM,UKR,2487,2429,2444,1982,759
1069,"Pena Gomez, Manuel",GM,ESP,2487,2387,2409,1988,581
1070,"Porat, Shay",IM,ISR,2487,2499,2553,1985,234
1071,"Speelman, Jon S",GM,ENG,2487,2540,2534,1956,2655
1072,"Valsecchi, Alessio",GM,ITA,2487,2453,2405,1992,1276
1073,"Zhao, Zong-Yuan",GM,AUS,2487,2502,2545,1986,967
1074,"Arencibia Rodriguez, Walter",GM,CUB,2486,2521,2386,1967,1703
1075,"Beliavsky, Alexander G",GM,SLO,2486,2584,2478,1953,4037
1076,"Diaz Camallonga, Carles",IM,ESP,2486,2455,2430,1996,820
1077,"Hjartarson, Johann",GM,ISL,2486,2407,2416,1963,2534
1078,"Jakubowski, Krzysztof",GM,POL,2486,2400,2359,1983,2194
1079,"Klimov, Sergey",GM,RUS,2486,2452,2345,1979,537
1080,"Kovacevic, Aleksandar",GM,SRB,2486,2520,2461,1974,2019
1081,"Maksimovic, Bojan",IM,BIH,2486,2506,2468,2002,1845
1082,"Stripunsky, Alexander",GM,USA,2486,2581,2544,1970,1121
1083,"Wang, Chen",IM,CHN,2486,2441,2470,1993,533
1084,"Zhao, Xue",GM,CHN,2486,2442,2407,1985,1930
1085,"Cela, Altin",IM,ALB,2485,0,0,1975,347
1086,"Cicak, Slavko",GM,SWE,2485,0,0,1969,985
1087,"Gorodetzky, David",IM,ISR,2485,2409,2484,2000,730
1088,"Iotov, Valentin",GM,BUL,2485,0,2586,1988,1393
1089,"Ma, Zhonghan",IM,CHN,2485,2416,2474,1995,341
1090,Manish Anto Cristiano F,IM,IND,2485,2158,2155,2005,432
1091,"Miron, Lucian-Costin",GM,ROU,2485,2440,2450,1987,1045
1092,"Mitkov, Nikola",GM,MKD,2485,2463,2448,1971,1532
1093,"Panjwani, Raja",IM,CAN,2485,2385,2395,1990,872
1094,"Rachels, Stuart",IM,USA,2485,0,0,1969,193
1095,"Ribli, Zoltan",GM,HUN,2485,2545,2532,1951,2910
1096,"Roganovic, Milos",GM,SRB,2485,2449,2502,1991,640
1097,"Skorchenko, Dmitriy",GM,RUS,2485,2385,2439,1983,402
1098,"Spasov, Vasil",GM,BUL,2485,2472,2514,1971,1476
1099,"Zagrebelny, Sergey",GM,UZB,2485,2463,2465,1965,1115
1100,"Zanan, Evgeny",GM,ISR,2485,2395,2400,1998,635
1101,"AL-Sayed, Mohammed",GM,QAT,2484,2480,2535,1981,1311
1102,"Aleksandrov, Aleksej",GM,BLR,2484,2442,2396,1973,3470
1103,"Antoniewski, Rafal",GM,POL,2484,2512,2581,1980,1373
1104,"Chernobay, Artem",GM,RUS,2484,2458,2474,1989,798
1105,"Drygalov, Andrey",GM,RUS,2484,2459,2466,1999,1049
1106,"Gdanski, Jacek",GM,POL,2484,2351,2343,1970,1657
1107,"Gines Esteo, Pedro Antonio",GM,ESP,2484,2414,2453,2004,822
1108,"Gonzalez Zamora, Juan Carlos",GM,MEX,2484,2496,2535,1968,839
1109,"Juhasz, Kristof",IM,HUN,2484,2386,2386,1994,634
1110,"Kishnev, Sergey",GM,RUS,2484,0,0,1956,574
1111,"Kuczynski, Robert",GM,POL,2484,2472,2395,1966,1348
1112,"Ludwig, Daniel",IM,USA,2484,0,0,1990,184
1113,"Poetsch, Hagen",GM,GER,2484,2536,2520,1991,1232
1114,"Rombaldoni, Denis",IM,ITA,2484,2455,2466,1989,1237
1115,"Seel, Christian, Dr.",IM,GER,2484,2435,2478,1983,13
1116,"Sengupta, Deep",GM,IND,2484,2438,2380,1988,1789
1117,"Shneider, Aleksandr",GM,UKR,2484,2499,0,1962,1023
1118,"Vouldis, Angelos",IM,GRE,2484,0,0,1976,492
1119,"Wang, Justin",IM,USA,2484,2371,0,2005,767
1120,"Wang, Lei",WGM,CHN,2484,0,0,1975,235
1121,Akash G,GM,IND,2483,2395,2395,1996,261
1122,"Delorme, Axel",GM,FRA,2483,2453,2478,1990,1200
1123,"Dizdar, Goran",GM,CRO,2483,0,0,1958,1847
1124,"El Taher, Fouad",IM,EGY,2483,2442,2383,1965,478
1125,"Grebnev, Aleksey",IM,RUS,2483,2474,2428,2006,386
1126,"Kashlinskaya, Alina",IM,POL,2483,2382,2382,1993,2425
1127,"Kosintseva, Nadezhda",GM,RUS,2483,2516,2519,1985,1158
1128,"Lobron, Eric",GM,GER,2483,0,2546,1960,2075
1129,"Makhnev, Denis",GM,KAZ,2483,2505,2515,2000,1084
1130,"Preotu, Razvan",GM,CAN,2483,2532,2407,1999,1712
1131,"Tikkanen, Hans",GM,SWE,2483,2535,2554,1985,1339
1132,"Troff, Kayden",GM,USA,2483,2480,2544,1998,623
1133,"Vorobiov, Evgeny E.",GM,RUS,2483,2440,2476,1976,2182
1134,"Aghamaliyev, Cemil",GM,TUR,2482,0,0,1974,458
1135,"Akshayraj, Kore",GM,IND,2482,2484,2399,1988,453
1136,"Clarke, Brandon G I",IM,ENG,2482,2385,2414,1995,755
1137,"Espinosa Veloz, Ermes",GM,CUB,2482,2506,2387,1987,893
1138,"Horvath, Adam",GM,HUN,2482,2504,2522,1981,2168
1139,"Kramer, Julian",IM,GER,2482,2367,2367,1997,967
1140,"Nestorovic, Nikola",GM,SRB,2482,2478,2425,1989,1454
1141,"Schwarz, Miroslav",IM,GER,2482,0,0,1975,84
1142,"Stefansson, Vignir Vatnar",IM,ISL,2482,2417,2506,2003,1009
1143,"Urday, Henry",GM,PER,2482,0,0,1967,404
1144,"Watson, William N",GM,ENG,2482,2492,2460,1962,900
1145,"Yang, Darwin",GM,USA,2482,2496,2454,1996,432
1146,"Zablotsky, Sergei",GM,RUS,2482,2377,2413,1982,537
1147,"Gasanov, Eldar",GM,UKR,2481,2388,2457,1982,1401
1148,"Golubov, Saveliy",IM,RUS,2481,2550,2548,2000,1072
1149,"Kogan, Arthur",GM,ISR,2481,2474,2508,1974,1883
1150,"Koutsin, Sergey",IM,UKR,2481,2381,2381,1957,575
1151,"Kreiman, Boris",GM,USA,2481,0,2456,1976,497
1152,"Yang, Kaiqi",GM,CAN,2481,2384,2381,1988,1271
1153,"Yu, Shaoteng",GM,CHN,2481,0,2502,1979,545
1154,"Admiraal, Miguoel",IM,NED,2480,2449,2453,1994,743
1155,"Baikovsky, Yuriy",IM,UKR,2480,2412,2429,1959,43
1156,"Barnaure, Vlad-Victor",IM,ROU,2480,2476,2473,1986,439
1157,"Bischoff, Klaus",GM,GER,2480,2536,2438,1961,2899
1158,"Braude, Mikhail",FM,USA,2480,0,0,1971,30
1159,"Damogalad, Iohdar",FM,INA,2480,0,0,1968,11
1160,"Faizrakhmanov, Ramil",IM,RUS,2480,2427,2437,1997,1066
1161,"Gagare, Shardul",GM,IND,2480,2446,2482,1997,834
1162,"Galego, Luis",GM,POR,2480,2400,2513,1966,2371
1163,"Guidarelli, Laurent",GM,FRA,2480,2437,2460,1981,635
1164,"Holm, Kristian Stuvik",IM,NOR,2480,2437,2497,1998,862
1165,"Kantans, Toms",GM,LAT,2480,2392,2425,1994,1501
1166,"Kaplan, Julio",IM,USA,2480,0,0,1950,390
1167,"Kelly, Brian",IM,IRL,2480,0,0,1978,667
1168,"Mikkelsen, Nikolaj",IM,DEN,2480,0,0,1988,688
1169,"Neef, Maximilian",IM,GER,2480,0,2494,1996,428
1170,"Parma, Bruno",GM,SLO,2480,0,0,1941,1361
1171,"Raznikov, Danny",GM,ISR,2480,2470,2527,1993,655
1172,"Shabalov, Alexander",GM,USA,2480,2531,2460,1967,3051
1173,"Spraggett, Kevin",GM,CAN,2480,2440,2516,1954,3063
1174,"Swayams, Mishra",GM,IND,2480,2452,2419,1992,971
1175,"Szabo, Krisztian",GM,HUN,2480,2541,2541,1989,1146
1176,"Tong, Yuanming",IM,CHN,2480,0,0,1972,104
1177,"Andres Gonzalez, Alberto",IM,ESP,2479,2469,2473,1981,795
1178,"Arab, Adlane",IM,ALG,2479,2436,2414,1980,446
1179,"Barrientos, Sergio E",GM,COL,2479,2421,2423,1986,1412
1180,"Belikov, Vladimir",GM,RUS,2479,2469,0,1971,973
1181,"Bojkov, Dejan",GM,BUL,2479,0,0,1977,876
1182,"Cori Quispe, Kevin Joel",GM,PER,2479,2406,2411,1999,570
1183,"Di Berardino, Diego Rafael",IM,BRA,2479,2418,2432,1987,1683
1184,"Ducarmon, Quinten",IM,NED,2479,0,0,1994,574
1185,"Firman, Nazar",GM,UKR,2479,2433,2414,1983,884
1186,"Ghasi, Ameet K",IM,ENG,2479,2482,2555,1987,580
1187,"Kociscak, Jiri",IM,CZE,2479,2427,2475,1993,893
1188,"Kosakowski, Jakub",IM,POL,2479,2486,2488,2002,1520
1189,"Lazarev, Vladimir",GM,FRA,2479,2416,0,1964,1648
1190,"Lemos, Damian",GM,ARG,2479,2504,2501,1990,837
1191,"Matlak, Marek",IM,POL,2479,0,2481,1966,922
1192,"Mosadeghpour, Masoud",GM,IRI,2479,2396,2341,1997,999
1193,"Paehtz, Elisabeth",GM,GER,2479,2373,2342,1985,3564
1194,"Petr, Martin",GM,CZE,2479,2496,2390,1988,1143
1195,"Rechlis, Gad",GM,ISR,2479,2492,2521,1967,608
1196,"Swapnil, S. Dhopade",GM,IND,2479,2470,2402,1990,1062
1197,"Zivanic, Marko",IM,SRB,2479,0,0,1984,460
1198,"Castellanos Rodriguez, Renier",IM,ESP,2478,2476,2597,1982,875
1199,"Dobrov, Vladimir",GM,RUS,2478,2433,2543,1984,1497
1200,"Khotenashvili, Bella",GM,GEO,2478,2414,2358,1988,0
